,0,1,2,3,4,5,6,7,8,9,10,11,12,13,14
0,3939779227438.0,1.0,1482.07,320.88000000000005,5.0,52.99999999999999,33.0,45.1725,0.0,0.0,0.0,1.0,5.0,200000.0,121300000.99999999
1,3930637148206.0,0.0,1521.3050000000003,196.0,5.0,104.99999999999999,33.0,4.702500000000001,0.0,0.0,0.0,0.0,5.0,320000.0,100001.0
2,3911484432280.0,0.0,1980.82,49.0,3.0,52.99999999999999,33.0,35.625,0.0,0.0,0.0,1.0,5.0,560000.0,100001.0
3,3917686202266.0,0.0,1454.8050000000003,322.0,3.0,65.99999999999999,25.0,0.0,1.0,1.0,737.0,1.0,5.0,0.0,100001.0
4,3924694097464.0,1.0,1355.0550000000003,228.76000000000002,5.0,78.99999999999999,33.0,55.86,1.0,1.0,938.0,0.0,5.0,120000.0,15900000.999999998
5,3888576041923.0,0.0,1066.445,16.38,5.0,104.99999999999999,65.0,42.75,1.0,1.0,134.0,0.0,5.0,200000.0,100001.0
6,3927370193428.0,1.0,1172.1800000000003,182.0,5.0,40.0,33.0,3.5625,0.0,0.0,0.0,0.0,5.0,120000.0,10100001.0
7,3910869100024.0,0.0,3915.3050000000003,124.88000000000001,5.0,144.0,65.0,86.64,1.0,1.0,402.0,0.0,5.0,86000.0,56100000.99999999
8,3911756137432.0,1.0,1864.445,28.0,3.0,27.0,65.0,85.5,0.0,0.0,0.0,0.0,5.0,352000.0,53800000.99999999
9,3905430002404.0,0.0,3721.125,198.24,5.0,52.99999999999999,65.0,192.375,1.0,1.0,201.0,1.0,5.0,200000.0,5100001.0
10,3906887420848.0,1.0,2241.5,49.0,5.0,183.0,65.0,128.25,1.0,1.0,268.0,1.0,5.0,506000.0,85800000.99999999
11,3892264788982.0,1.0,2768.18,140.0,5.0,144.0,65.0,142.5,1.0,1.0,402.0,1.0,5.0,940000.0,100001.0
12,3898124430238.0,1.0,1388.3050000000003,35.0,3.0,104.99999999999999,65.0,39.1875,1.0,1.0,201.0,1.0,5.0,280000.0,21100001.0
13,3946577350276.0,1.0,2335.93,140.0,5.0,183.0,65.0,213.75,1.0,1.0,402.0,1.0,5.0,0.0,100100000.99999999
14,3895648117474.0,1.0,3909.3199999999997,75.88000000000001,5.0,104.99999999999999,33.0,68.8275,0.0,0.0,0.0,1.0,5.0,640000.0,100001.0
15,3918864923146.0,1.0,3211.0699999999997,169.12,5.0,52.99999999999999,33.0,1.1400000000000001,0.0,0.0,0.0,0.0,5.0,0.0,269100001.0
16,3916557427186.0,1.0,1980.82,126.0,5.0,117.99999999999999,33.0,213.75,1.0,1.0,134.0,1.0,5.0,660000.0,100001.0
17,3943299906880.0,0.0,1271.9300000000003,252.0,5.0,78.99999999999999,33.0,21.375,1.0,1.0,134.0,0.0,5.0,176000.0,59200000.99999999
18,3937674761155.0,1.0,1343.75,35.0,3.0,52.99999999999999,33.0,3.5625,0.0,0.0,0.0,0.0,5.0,280000.0,500000.99999999994
19,3937892275114.0,0.0,1504.6800000000003,158.62,5.0,144.0,33.0,73.6725,1.0,1.0,469.0,0.0,5.0,258000.0,325800001.0
20,3920720659345.0,0.0,1887.0550000000003,16.38,5.0,78.99999999999999,33.0,1.1400000000000001,0.0,0.0,0.0,0.0,5.0,520000.0,100500000.99999999
21,3942296745487.0,0.0,1288.5550000000003,16.38,3.0,78.99999999999999,33.0,16.6725,1.0,0.0,0.0,1.0,5.0,320000.0,100001.0
22,3919394848084.0,1.0,2751.555,37.38,5.0,27.0,33.0,4.702500000000001,0.0,0.0,0.0,0.0,5.0,336000.0,100001.0
23,3944937879391.0,1.0,2778.8199999999997,49.0,5.0,52.99999999999999,33.0,5.985,1.0,0.0,0.0,0.0,5.0,320000.0,100001.0
24,3897234146353.0,1.0,1310.5,268.38000000000005,5.0,78.99999999999999,33.0,22.515,0.0,0.0,0.0,0.0,5.0,160000.0,35100000.99999999
25,3924278798137.0,1.0,2191.625,42.0,5.0,170.0,65.0,156.75,1.0,1.0,201.0,1.0,5.0,0.0,100001.0
26,3923619263848.0,1.0,1510.0,3.5,3.0,52.99999999999999,33.0,3.5625,0.0,0.0,0.0,0.0,5.0,400000.0,7100001.0
27,3892821934381.0,1.0,2219.555,85.12,3.0,104.99999999999999,65.0,58.14000000000001,1.0,1.0,67.0,1.0,5.0,360000.0,1802800000.9999998
28,3932885708122.0,0.0,2053.3050000000003,336.0,5.0,104.99999999999999,33.0,57.0,1.0,1.0,67.0,0.0,5.0,440000.0,2000000.9999999998
29,3900385476604.0,1.0,1548.57,70.0,5.0,104.99999999999999,33.0,30.9225,1.0,1.0,737.0,1.0,5.0,120000.0,218500001.0
30,3913876336642.0,1.0,1809.2500000000002,21.0,5.0,104.99999999999999,65.0,121.125,1.0,1.0,201.0,1.0,5.0,624000.0,15100001.0
31,3898295744332.0,0.0,1371.6800000000003,294.0,3.0,183.0,65.0,0.0,0.0,0.0,0.0,1.0,5.0,308000.0,3300001.0
32,3891021638020.0,1.0,3493.6949999999997,38.5,3.0,104.99999999999999,65.0,269.61,1.0,0.0,0.0,1.0,5.0,400000.0,10100001.0
33,3891712388434.0,1.0,1548.57,322.0,5.0,117.99999999999999,65.0,60.5625,1.0,1.0,737.0,1.0,5.0,580000.0,28500000.999999996
34,3949159548136.0,1.0,2861.9449999999997,35.0,5.0,91.99999999999999,33.0,395.4375,0.0,1.0,67.0,1.0,5.0,704000.0,11300001.0
35,3937558637170.0,1.0,4989.945000000001,532.0,3.0,13.999999999999998,9.0,1.1400000000000001,0.0,1.0,134.0,0.0,5.0,0.0,35200000.99999999
36,3917379784783.0,1.0,1676.25,350.0,5.0,78.99999999999999,33.0,85.5,1.0,0.0,0.0,1.0,3.0,40000.0,100001.0
37,3915487088692.0,1.0,2645.8199999999997,389.62,5.0,117.99999999999999,33.0,245.8125,1.0,1.0,402.0,1.0,5.0,140000.0,100001.0
38,3943139331133.0,0.0,3189.125,224.0,5.0,104.99999999999999,33.0,224.4375,1.0,1.0,402.0,1.0,5.0,0.0,126100000.99999999
39,3912939103705.0,0.0,3167.1800000000003,84.0,5.0,183.0,33.0,395.4375,1.0,1.0,134.0,1.0,5.0,1038000.0,170500000.99999997
40,3903700629079.0,1.0,1554.5550000000003,0.0,5.0,170.0,33.0,2.4225000000000003,1.0,0.0,0.0,0.0,5.0,0.0,100001.0
41,3909687382396.0,1.0,1515.32,42.0,3.0,78.99999999999999,33.0,15.390000000000002,0.0,0.0,0.0,1.0,5.0,240000.0,6800001.0
42,3934144092553.0,1.0,1792.6250000000002,31.5,5.0,183.0,65.0,35.625,1.0,0.0,0.0,0.0,5.0,0.0,529900000.99999994
43,3900120264406.0,1.0,4225.195,15.120000000000001,5.0,104.99999999999999,33.0,16.6725,1.0,1.0,201.0,1.0,5.0,360000.0,100001.0
44,3921904874263.0,1.0,1593.125,11.62,3.0,104.99999999999999,33.0,1.1400000000000001,0.0,1.0,134.0,0.0,5.0,256000.0,700000.9999999999
45,3930372185737.0,0.0,1393.625,287.0,5.0,144.0,33.0,20.235,1.0,1.0,134.0,1.0,5.0,98000.0,100001.0
46,3907792189015.0,0.0,1643.0,49.0,3.0,104.99999999999999,33.0,4.702500000000001,0.0,0.0,0.0,0.0,5.0,264000.0,100001.0
47,3930157418797.0,1.0,1089.0550000000003,1.12,5.0,104.99999999999999,33.0,1.1400000000000001,0.0,0.0,0.0,0.0,5.0,0.0,100001.0
48,3928648805908.0,0.0,1975.5000000000002,56.0,3.0,131.0,65.0,57.0,0.0,0.0,0.0,0.0,5.0,512000.0,1800000.9999999998
49,3935112042157.0,0.0,3526.9449999999997,420.0,5.0,104.99999999999999,33.0,156.75,1.0,1.0,938.0,0.0,5.0,0.0,220100001.0
50,3895215836575.0,1.0,2163.6949999999997,98.0,5.0,52.99999999999999,33.0,14.25,0.0,0.0,0.0,1.0,5.0,464000.0,100001.0
51,3925887552355.0,1.0,1415.57,115.5,3.0,40.0,65.0,1.1400000000000001,0.0,0.0,0.0,0.0,5.0,280000.0,10100001.0
52,3894988083727.0,1.0,1887.0550000000003,3.5,3.0,52.99999999999999,33.0,2.4225000000000003,0.0,0.0,0.0,0.0,5.0,432000.0,210100001.0
53,3916204560109.0,1.0,1277.25,49.0,3.0,104.99999999999999,33.0,66.5475,0.0,0.0,0.0,1.0,5.0,224000.0,700000.9999999999
54,3949547377273.0,1.0,1847.82,91.0,3.0,144.0,65.0,144.9225,0.0,1.0,134.0,1.0,5.0,738000.0,200001.0
55,3916480510654.0,1.0,1864.445,42.0,5.0,117.99999999999999,33.0,57.0,1.0,1.0,737.0,1.0,5.0,868000.0,3600001.0
56,3901168626748.0,1.0,2673.75,182.0,5.0,78.99999999999999,41.0,99.75,1.0,1.0,67.0,0.0,5.0,0.0,50100000.99999999
57,3922238761936.0,0.0,2496.1949999999997,70.0,5.0,40.0,65.0,5.985,0.0,0.0,0.0,0.0,5.0,520000.0,24700001.0
58,3916893062962.0,1.0,2840.0,137.62,3.0,117.99999999999999,33.0,90.2025,1.0,0.0,0.0,1.0,5.0,104000.0,144300001.0
59,3913710766315.0,1.0,3787.625,343.0,5.0,91.99999999999999,33.0,35.625,1.0,1.0,268.0,1.0,5.0,400000.0,100001.0
60,3906509830600.0,1.0,2884.555,140.0,5.0,40.0,41.0,64.125,0.0,0.0,0.0,1.0,5.0,282000.0,100001.0
61,3894365759059.0,0.0,1593.125,19.88,5.0,117.99999999999999,33.0,7.125,0.0,1.0,67.0,1.0,5.0,480000.0,500000.99999999994
62,3943036942243.0,1.0,1244.0,56.0,5.0,40.0,33.0,42.75,1.0,1.0,134.0,0.0,5.0,240000.0,30100000.999999996
63,3922449533212.0,0.0,2728.9449999999997,98.0,5.0,40.0,41.0,14.25,0.0,0.0,0.0,0.0,3.0,2320000.0,100001.0
64,3937288680121.0,0.0,1643.0,14.0,5.0,144.0,65.0,42.75,1.0,0.0,0.0,0.0,5.0,560000.0,82500000.99999999
65,3940238229340.0,1.0,2806.75,274.12,5.0,183.0,65.0,226.86,1.0,1.0,536.0,0.0,5.0,0.0,100001.0
66,3887837093812.0,0.0,1310.5,4.62,5.0,144.0,33.0,1.1400000000000001,0.0,0.0,0.0,1.0,5.0,760000.0,100001.0
67,3915926861461.0,1.0,1443.5,322.0,5.0,40.0,33.0,14.25,1.0,0.0,0.0,1.0,5.0,200000.0,6900001.0
68,3936207603280.0,1.0,2091.875,79.38000000000001,5.0,13.999999999999998,9.0,0.0,0.0,1.0,335.0,0.0,5.0,352000.0,14700001.0
69,3928450770811.0,1.0,1825.8750000000002,44.38,5.0,170.0,65.0,52.2975,1.0,1.0,804.0,1.0,5.0,1166000.0,71400000.99999999
70,3918797246587.0,1.0,3255.625,737.3800000000001,3.0,13.999999999999998,9.0,0.0,1.0,0.0,0.0,1.0,5.0,0.0,100001.0
71,3897934386469.0,0.0,2036.6800000000003,38.5,5.0,117.99999999999999,65.0,1.1400000000000001,0.0,1.0,201.0,0.0,5.0,0.0,3400001.0
72,3923123052325.0,1.0,1970.1800000000003,35.0,5.0,117.99999999999999,33.0,49.875,0.0,0.0,0.0,0.0,5.0,400000.0,100001.0
73,3939677837464.0,1.0,1892.3750000000002,141.12,3.0,104.99999999999999,41.0,42.75,1.0,1.0,536.0,1.0,5.0,288000.0,800000.9999999999
74,3892255549009.0,1.0,2690.375,602.0,5.0,131.0,73.0,570.0,1.0,1.0,737.0,0.0,5.0,0.0,120100000.99999999
75,3933781486045.0,1.0,2441.0,119.0,5.0,144.0,33.0,99.75,0.0,0.0,0.0,0.0,5.0,908000.0,5100001.0
76,3937816107769.0,1.0,1714.82,9.38,5.0,52.99999999999999,65.0,99.75,0.0,0.0,0.0,1.0,5.0,680000.0,100001.0
77,3937469234188.0,1.0,1997.445,98.0,5.0,104.99999999999999,33.0,4.702500000000001,0.0,0.0,0.0,0.0,5.0,432000.0,100001.0
78,3927197880418.0,1.0,1548.57,0.0,5.0,52.99999999999999,33.0,28.5,0.0,1.0,737.0,0.0,3.0,0.0,100001.0
79,3916409587618.0,0.0,2153.055,40.88,5.0,117.99999999999999,33.0,30.9225,1.0,1.0,1072.0,0.0,5.0,240000.0,208000001.0
80,3921780009763.0,1.0,1687.5550000000003,98.0,5.0,170.0,33.0,17.8125,1.0,1.0,469.0,0.0,5.0,0.0,706000000.9999999
81,3925740461974.0,0.0,2352.555,105.0,5.0,13.999999999999998,9.0,0.0,0.0,1.0,402.0,0.0,5.0,0.0,20100001.0
82,3913991711440.0,0.0,1249.32,280.0,5.0,27.0,33.0,11.8275,0.0,0.0,0.0,0.0,5.0,160000.0,4300001.0
83,3912632436493.0,1.0,2668.43,140.0,5.0,40.0,41.0,5.985,0.0,0.0,0.0,0.0,5.0,1100000.0,100001.0
84,3904969751857.0,1.0,1571.1800000000003,28.0,5.0,104.99999999999999,33.0,14.25,0.0,0.0,0.0,1.0,3.0,560000.0,100001.0
85,3888649462249.0,1.0,2512.8199999999997,0.0,5.0,104.99999999999999,33.0,0.0,0.0,0.0,0.0,0.0,7.0,368000.0,100001.0
86,3889695826759.0,0.0,1659.625,382.62,5.0,144.0,65.0,42.75,0.0,0.0,0.0,0.0,5.0,560000.0,200001.0
87,3908064643354.0,0.0,3139.25,364.0,5.0,40.0,41.0,147.20250000000001,1.0,1.0,603.0,1.0,5.0,0.0,100001.0
88,3899741675242.0,1.0,2286.055,147.0,5.0,117.99999999999999,33.0,2.4225000000000003,0.0,0.0,0.0,1.0,5.0,580000.0,700000.9999999999
89,3896031451489.0,1.0,1488.0550000000003,16.38,3.0,13.999999999999998,9.0,0.0,0.0,0.0,0.0,0.0,5.0,200000.0,100001.0
90,3918456366502.0,1.0,1859.1250000000002,36.120000000000005,5.0,52.99999999999999,65.0,7.125,0.0,0.0,0.0,1.0,3.0,280000.0,100001.0
91,3887225757220.0,1.0,2856.625,114.38000000000001,5.0,78.99999999999999,33.0,1.1400000000000001,0.0,0.0,0.0,0.0,5.0,216000.0,10100001.0
92,3936520763446.0,1.0,1920.3050000000003,406.0,5.0,27.0,33.0,3.5625,0.0,0.0,0.0,0.0,5.0,0.0,28700000.999999996
93,3926725393150.0,1.0,2424.375,140.0,5.0,104.99999999999999,41.0,71.25,1.0,1.0,402.0,0.0,5.0,0.0,36800000.99999999
94,3906889168951.0,0.0,1222.0550000000003,280.0,3.0,144.0,65.0,4.702500000000001,0.0,0.0,0.0,0.0,5.0,680000.0,100001.0
95,3909638934970.0,1.0,1426.875,42.0,5.0,117.99999999999999,33.0,42.75,0.0,0.0,0.0,0.0,5.0,300000.0,900000.9999999999
96,3941708883421.0,0.0,2601.93,46.620000000000005,5.0,78.99999999999999,33.0,7.125,0.0,0.0,0.0,0.0,5.0,0.0,39100000.99999999
97,3942660350911.0,1.0,2130.4449999999997,1.12,3.0,91.99999999999999,33.0,1.1400000000000001,0.0,0.0,0.0,0.0,5.0,0.0,100001.0
98,3911968656811.0,0.0,1166.195,266.0,5.0,78.99999999999999,33.0,49.875,0.0,1.0,670.0,1.0,5.0,0.0,1100000.9999999998
99,3906374227753.0,0.0,1371.6800000000003,23.38,5.0,144.0,33.0,45.1725,1.0,1.0,67.0,0.0,5.0,0.0,100001.0
100,3934880043916.0,0.0,2612.5699999999997,112.0,5.0,104.99999999999999,33.0,85.5,0.0,0.0,0.0,0.0,5.0,960000.0,100001.0
101,3912976812784.0,1.0,2585.305,5.88,5.0,52.99999999999999,33.0,2.4225000000000003,1.0,0.0,0.0,1.0,5.0,560000.0,100001.0
102,3944876945515.0,1.0,1853.8050000000003,385.0,5.0,117.99999999999999,33.0,163.875,1.0,0.0,0.0,1.0,5.0,974000.0,50100000.99999999
103,3915045068362.0,1.0,1859.1250000000002,16.38,3.0,170.0,33.0,7.125,1.0,1.0,134.0,0.0,5.0,520000.0,50100000.99999999
104,3949489689874.0,1.0,1277.25,0.0,3.0,13.999999999999998,9.0,0.0,0.0,1.0,268.0,0.0,5.0,90000.0,200001.0
105,3893399058100.0,0.0,1676.25,24.5,5.0,183.0,65.0,29.640000000000004,1.0,0.0,0.0,1.0,5.0,320000.0,586100000.9999999
106,3895172633458.0,1.0,1853.8050000000003,56.0,5.0,183.0,65.0,28.5,1.0,1.0,268.0,0.0,5.0,280000.0,754500000.9999999
107,3926751614695.0,1.0,1493.375,252.0,5.0,78.99999999999999,33.0,2.4225000000000003,0.0,0.0,0.0,0.0,5.0,0.0,100001.0
108,3937582111696.0,0.0,3327.4449999999997,380.38000000000005,5.0,52.99999999999999,65.0,242.25,1.0,0.0,0.0,1.0,5.0,0.0,100001.0
109,3894492371662.0,1.0,2163.6949999999997,70.0,5.0,104.99999999999999,33.0,35.625,0.0,0.0,0.0,1.0,5.0,560000.0,100001.0
110,3917816560804.0,1.0,2557.375,283.5,3.0,52.99999999999999,33.0,3.5625,0.0,0.0,0.0,0.0,5.0,320000.0,100001.0
111,3916143126775.0,1.0,3161.1949999999997,182.0,5.0,104.99999999999999,33.0,28.5,0.0,0.0,0.0,1.0,5.0,0.0,22900001.0
112,3888892948024.0,1.0,1864.445,112.0,3.0,40.0,65.0,163.875,1.0,1.0,134.0,1.0,5.0,150000.0,100001.0
113,3946093625203.0,0.0,2391.125,25.62,5.0,78.99999999999999,33.0,21.375,1.0,1.0,268.0,0.0,5.0,0.0,158400000.99999997
114,3941702889925.0,1.0,2246.8199999999997,7.0,5.0,40.0,41.0,114.0,0.0,0.0,0.0,1.0,3.0,840000.0,100001.0
115,3889605424861.0,1.0,2280.0699999999997,2.24,3.0,91.99999999999999,41.0,1.1400000000000001,1.0,1.0,67.0,1.0,5.0,560000.0,200100000.99999997
116,3939096218623.0,0.0,1393.625,289.38000000000005,5.0,170.0,65.0,9.547500000000001,1.0,1.0,67.0,1.0,5.0,160000.0,5100001.0
117,3942930807418.0,1.0,2219.555,28.0,5.0,183.0,33.0,21.375,1.0,1.0,469.0,1.0,5.0,680000.0,407200001.0
118,3937057431067.0,1.0,1526.625,308.0,5.0,144.0,33.0,71.25,1.0,1.0,469.0,1.0,5.0,200000.0,81000000.99999999
119,3911124323062.0,1.0,3255.625,238.0,5.0,104.99999999999999,65.0,356.25,1.0,1.0,603.0,0.0,5.0,362000.0,165600000.99999997
120,3904897580176.0,1.0,2712.3199999999997,140.0,5.0,104.99999999999999,33.0,142.5,1.0,1.0,469.0,0.0,5.0,0.0,306600001.0
121,3896707717621.0,1.0,1388.3050000000003,23.38,3.0,104.99999999999999,33.0,57.0,0.0,0.0,0.0,1.0,3.0,480000.0,100001.0
122,3908740909486.0,0.0,2590.625,42.0,5.0,13.999999999999998,9.0,0.0,0.0,0.0,0.0,0.0,5.0,152000.0,100001.0
123,3949590330661.0,0.0,3809.5699999999997,546.0,5.0,104.99999999999999,33.0,156.75,1.0,1.0,469.0,0.0,5.0,0.0,300100001.0
124,3916437057808.0,0.0,2091.875,105.0,5.0,170.0,65.0,17.8125,1.0,1.0,603.0,1.0,5.0,362000.0,100001.0
125,3920126554054.0,1.0,1476.75,22.12,5.0,117.99999999999999,33.0,8.265,0.0,1.0,67.0,0.0,5.0,840000.0,28400000.999999996
126,3932855740642.0,0.0,3892.6949999999997,280.0,5.0,144.0,33.0,114.0,1.0,1.0,938.0,0.0,5.0,0.0,160300000.99999997
127,3920329084273.0,1.0,1936.9300000000003,10.5,5.0,104.99999999999999,33.0,8.265,0.0,0.0,0.0,0.0,5.0,440000.0,14100001.0
128,3947896918312.0,0.0,3072.75,112.0,5.0,65.99999999999999,25.0,0.0,1.0,0.0,0.0,0.0,5.0,200000.0,96100000.99999999
129,3918356474902.0,1.0,1410.25,84.0,3.0,27.0,33.0,30.9225,1.0,1.0,536.0,1.0,5.0,320000.0,200001.0
130,3941207427589.0,0.0,1659.625,350.0,5.0,78.99999999999999,33.0,42.75,1.0,1.0,804.0,1.0,5.0,240000.0,56800000.99999999
131,3946101616531.0,0.0,1398.945,14.0,3.0,131.0,17.0,28.5,0.0,0.0,0.0,0.0,5.0,520000.0,100001.0
132,3921886893775.0,1.0,1648.32,378.0,3.0,13.999999999999998,9.0,0.0,0.0,0.0,0.0,0.0,5.0,368000.0,100001.0
133,3919428811228.0,0.0,1776.0000000000002,75.88000000000001,3.0,104.99999999999999,33.0,2.4225000000000003,0.0,0.0,0.0,0.0,3.0,160000.0,100001.0
134,3928543919728.0,1.0,2734.93,23.38,5.0,13.999999999999998,9.0,0.0,1.0,0.0,0.0,0.0,5.0,260000.0,200001.0
135,3927883885981.0,0.0,2562.6949999999997,123.62,5.0,104.99999999999999,33.0,3.5625,0.0,0.0,0.0,0.0,5.0,320000.0,100001.0
136,3942847397932.0,1.0,1315.82,16.38,5.0,13.999999999999998,9.0,0.0,0.0,1.0,201.0,0.0,5.0,700000.0,77000000.99999999
137,3918208885063.0,1.0,2623.875,266.0,5.0,91.99999999999999,33.0,185.25,1.0,1.0,938.0,0.0,5.0,480000.0,460800000.99999994
138,3936799960468.0,1.0,1726.1250000000002,14.0,5.0,104.99999999999999,33.0,41.61,1.0,1.0,335.0,1.0,5.0,624000.0,100001.0
139,3948190349887.0,0.0,3078.0699999999997,84.0,5.0,104.99999999999999,33.0,67.6875,1.0,1.0,536.0,1.0,5.0,792000.0,416000000.99999994
140,3947035353262.0,1.0,1321.8050000000003,280.0,3.0,52.99999999999999,65.0,23.7975,1.0,0.0,0.0,1.0,5.0,280000.0,100001.0
141,3924777007492.0,0.0,1493.375,35.0,3.0,13.999999999999998,9.0,92.625,0.0,0.0,0.0,0.0,5.0,560000.0,100001.0
142,3906540297538.0,1.0,1265.945,99.12,3.0,13.999999999999998,9.0,0.0,0.0,0.0,0.0,1.0,5.0,360000.0,200001.0
143,3909487848925.0,1.0,4275.070000000001,560.0,5.0,183.0,65.0,498.75,1.0,1.0,603.0,1.0,5.0,0.0,100100000.99999999
144,3936033791896.0,0.0,1111.0,35.0,5.0,144.0,33.0,7.125,0.0,1.0,67.0,0.0,5.0,216000.0,9900001.0
145,3890172809149.0,0.0,4580.305,420.0,5.0,131.0,73.0,0.0,1.0,1.0,938.0,0.0,5.0,0.0,337700001.0
146,3926711158597.0,1.0,5117.625000000001,624.12,5.0,131.0,73.0,363.375,1.0,1.0,67.0,1.0,5.0,0.0,11000001.0
147,3907423838740.0,0.0,1072.43,80.5,5.0,144.0,33.0,2.4225000000000003,0.0,0.0,0.0,0.0,5.0,240000.0,100001.0
148,3923976626047.0,1.0,2329.9449999999997,112.0,5.0,27.0,41.0,356.25,1.0,0.0,0.0,1.0,5.0,368000.0,100001.0
149,3895488790372.0,0.0,3167.1800000000003,224.0,5.0,131.0,41.0,185.25,1.0,1.0,402.0,0.0,5.0,750000.0,5110100001.0
150,3920596044574.0,1.0,1554.5550000000003,0.0,5.0,104.99999999999999,33.0,0.0,0.0,0.0,0.0,0.0,7.0,368000.0,100001.0
151,3918550764064.0,1.0,3017.5550000000003,42.0,5.0,104.99999999999999,33.0,71.25,1.0,0.0,0.0,1.0,5.0,280000.0,100001.0
152,3897957611266.0,1.0,1022.5550000000001,196.0,5.0,131.0,33.0,28.5,0.0,0.0,0.0,0.0,5.0,1200000.0,100001.0
153,3930250068256.0,1.0,1265.945,11.62,3.0,104.99999999999999,33.0,4.702500000000001,0.0,1.0,67.0,0.0,5.0,400000.0,200001.0
154,3929710403887.0,1.0,3505.0,182.0,5.0,52.99999999999999,33.0,179.26500000000001,1.0,1.0,1005.0,0.0,5.0,0.0,1120300001.0
155,3910546949614.0,1.0,1288.5550000000003,0.0,3.0,91.99999999999999,41.0,0.0,0.0,0.0,0.0,1.0,3.0,1000000.0,200001.0
156,3898053007744.0,1.0,1210.75,4.62,5.0,144.0,57.0,5.985,0.0,0.0,0.0,0.0,5.0,400000.0,4100001.0
157,3908352580891.0,1.0,2507.5,23.38,5.0,131.0,33.0,1.1400000000000001,0.0,0.0,0.0,0.0,5.0,240000.0,600000.9999999999
158,3902705209285.0,1.0,1521.3050000000003,44.38,3.0,117.99999999999999,33.0,87.9225,1.0,1.0,402.0,0.0,5.0,160000.0,100001.0
159,3893542902004.0,1.0,3194.4449999999997,116.62,5.0,183.0,41.0,2.4225000000000003,0.0,0.0,0.0,1.0,5.0,1040000.0,100001.0
160,3945457815169.0,1.0,2280.0699999999997,70.0,5.0,104.99999999999999,33.0,28.5,0.0,0.0,0.0,0.0,5.0,920000.0,1700000.9999999998
161,3932092319089.0,0.0,2213.5699999999997,45.5,5.0,27.0,33.0,15.390000000000002,0.0,0.0,0.0,1.0,5.0,0.0,100001.0
162,3939549227029.0,1.0,2878.5699999999997,10.5,3.0,104.99999999999999,33.0,10.6875,1.0,1.0,536.0,1.0,5.0,600000.0,16300000.999999998
163,3940761161866.0,1.0,2308.0,113.12,3.0,40.0,41.0,242.25,1.0,1.0,469.0,1.0,5.0,390000.0,100001.0
164,3908119334005.0,1.0,2856.625,84.0,5.0,40.0,41.0,28.5,1.0,0.0,0.0,0.0,5.0,0.0,20100001.0
165,3924252826321.0,1.0,1227.375,4.62,5.0,27.0,33.0,7.125,0.0,0.0,0.0,1.0,3.0,560000.0,100001.0
166,3923071358422.0,1.0,1548.57,70.0,5.0,13.999999999999998,9.0,2.4225000000000003,0.0,0.0,0.0,1.0,5.0,200000.0,420900000.99999994
167,3920570572216.0,0.0,1510.0,236.88000000000002,3.0,183.0,33.0,70.11,0.0,0.0,0.0,0.0,5.0,328000.0,100001.0
168,3928972954150.0,1.0,1205.4300000000003,5.74,5.0,78.99999999999999,33.0,1.1400000000000001,0.0,0.0,0.0,0.0,5.0,560000.0,75100000.99999999
169,3892615658227.0,1.0,1238.6800000000003,291.62,3.0,78.99999999999999,33.0,3.5625,1.0,0.0,0.0,0.0,5.0,240000.0,37600000.99999999
170,3916945506052.0,0.0,1853.8050000000003,42.0,5.0,91.99999999999999,33.0,57.0,1.0,0.0,0.0,0.0,3.0,736000.0,100001.0
171,3901093208590.0,0.0,1271.9300000000003,259.0,3.0,104.99999999999999,33.0,28.5,1.0,1.0,268.0,1.0,5.0,160000.0,50100000.99999999
172,3931817117731.0,1.0,1521.3050000000003,21.0,5.0,40.0,33.0,45.1725,0.0,1.0,67.0,1.0,5.0,800000.0,1000000.9999999999
173,3916400597374.0,1.0,4170.0,357.0,3.0,104.99999999999999,65.0,142.5,1.0,0.0,0.0,0.0,5.0,224000.0,100001.0
174,3904908318523.0,0.0,1576.5,252.0,5.0,144.0,33.0,242.25,1.0,1.0,335.0,1.0,5.0,240000.0,100001.0
175,3942072488845.0,1.0,2357.875,88.62,5.0,183.0,65.0,106.875,1.0,0.0,0.0,1.0,5.0,1360000.0,100001.0
176,3905523151321.0,0.0,3792.9449999999997,119.0,3.0,13.999999999999998,9.0,142.5,0.0,0.0,0.0,1.0,5.0,0.0,500000.99999999994
177,3909429412339.0,0.0,3560.1949999999997,4.62,5.0,13.999999999999998,9.0,0.0,0.0,0.0,0.0,1.0,3.0,124000.0,2800000.9999999995
178,3920089094704.0,1.0,2751.555,113.12,5.0,170.0,65.0,199.5,1.0,1.0,536.0,0.0,5.0,640000.0,100001.0
179,3915319270804.0,1.0,2818.055,141.12,5.0,144.0,65.0,363.375,1.0,0.0,0.0,1.0,5.0,184000.0,100001.0
180,3889654122016.0,1.0,2751.555,35.0,3.0,117.99999999999999,33.0,7.125,0.0,0.0,0.0,0.0,5.0,0.0,19600001.0
181,3903976329895.0,0.0,2258.125,21.0,5.0,52.99999999999999,41.0,28.5,1.0,1.0,201.0,1.0,5.0,424000.0,100001.0
182,3901137910081.0,1.0,1720.8050000000003,350.0,5.0,170.0,33.0,34.485,1.0,1.0,4489.0,1.0,5.0,280000.0,25900000.999999996
183,3889175141794.0,1.0,1631.695,185.5,3.0,27.0,33.0,156.75,1.0,0.0,0.0,1.0,3.0,200000.0,100001.0
184,3930864401596.0,1.0,1565.195,325.5,3.0,117.99999999999999,33.0,23.7975,1.0,0.0,0.0,1.0,5.0,320000.0,30100000.999999996
185,3936443597185.0,1.0,2053.3050000000003,70.0,5.0,170.0,65.0,64.125,0.0,0.0,0.0,1.0,3.0,680000.0,100001.0
186,3917485669879.0,1.0,2485.555,112.0,5.0,104.99999999999999,41.0,142.5,1.0,0.0,0.0,1.0,3.0,560000.0,100001.0
187,3887296180798.0,1.0,1759.3750000000002,43.120000000000005,5.0,117.99999999999999,33.0,3.5625,0.0,0.0,0.0,0.0,5.0,200000.0,100001.0
188,3911309122522.0,0.0,1992.1250000000002,18.62,5.0,117.99999999999999,33.0,7.125,0.0,0.0,0.0,1.0,5.0,600000.0,100001.0
189,3923693183632.0,0.0,1543.25,51.38,5.0,65.99999999999999,25.0,0.0,0.0,1.0,67.0,0.0,5.0,400000.0,5400001.0
190,3921231604879.0,1.0,1160.875,84.0,5.0,52.99999999999999,33.0,1.1400000000000001,0.0,0.0,0.0,1.0,5.0,320000.0,4100001.0
191,3939306240712.0,1.0,1958.8750000000002,414.12,5.0,78.99999999999999,33.0,143.64000000000001,1.0,1.0,335.0,1.0,5.0,336000.0,100001.0
192,3887756431345.0,0.0,1914.32,99.12,5.0,40.0,41.0,14.25,1.0,0.0,0.0,1.0,5.0,342000.0,100001.0
193,3906875933314.0,1.0,2313.3199999999997,0.0,5.0,104.99999999999999,33.0,0.0,0.0,0.0,0.0,0.0,7.0,368000.0,100001.0
194,3945046012048.0,1.0,1571.1800000000003,16.38,5.0,104.99999999999999,65.0,2.4225000000000003,1.0,0.0,0.0,0.0,5.0,360000.0,100001.0
195,3940312149124.0,1.0,1676.25,315.0,5.0,104.99999999999999,33.0,71.25,1.0,1.0,1139.0,0.0,5.0,400000.0,120900000.99999999
196,3922937004220.0,0.0,1260.625,210.0,5.0,144.0,33.0,77.235,1.0,1.0,335.0,0.0,5.0,368000.0,2672700000.9999995
197,3892337460121.0,1.0,1149.57,7.0,5.0,144.0,33.0,9.547500000000001,0.0,1.0,268.0,0.0,5.0,320000.0,900000.9999999999
198,3936177386071.0,0.0,1083.07,9.38,5.0,13.999999999999998,9.0,0.0,0.0,1.0,67.0,0.0,5.0,320000.0,12700001.0
199,3939224329600.0,1.0,2202.93,70.0,5.0,78.99999999999999,33.0,49.875,0.0,1.0,134.0,1.0,5.0,1440000.0,100001.0
200,3922095167761.0,0.0,1365.695,280.0,5.0,104.99999999999999,65.0,28.5,1.0,1.0,268.0,0.0,5.0,100000.0,146600001.0
201,3894279352825.0,0.0,1460.125,49.0,3.0,65.99999999999999,25.0,0.0,0.0,0.0,0.0,0.0,5.0,320000.0,100001.0
202,3911924205049.0,1.0,2219.555,29.12,5.0,157.0,65.0,185.25,1.0,0.0,0.0,1.0,5.0,328000.0,3128600000.9999995
203,3913522220920.0,0.0,1698.195,58.38,5.0,104.99999999999999,65.0,78.375,1.0,0.0,0.0,1.0,5.0,720000.0,200001.0
204,3910216807876.0,0.0,1659.625,84.0,5.0,144.0,65.0,52.2975,1.0,1.0,1273.0,0.0,5.0,0.0,50100000.99999999
205,3892089978682.0,1.0,2063.945,0.0,5.0,117.99999999999999,33.0,35.625,1.0,1.0,67.0,0.0,5.0,404000.0,100001.0
206,3894018386020.0,1.0,1393.625,142.38,3.0,65.99999999999999,33.0,8.265,0.0,0.0,0.0,0.0,5.0,280000.0,18500001.0
207,3938490376069.0,0.0,2695.6949999999997,227.5,3.0,52.99999999999999,33.0,4.702500000000001,0.0,1.0,134.0,0.0,5.0,368000.0,1900000.9999999998
208,3888543327424.0,1.0,1970.1800000000003,35.0,5.0,104.99999999999999,65.0,7.125,0.0,1.0,134.0,1.0,5.0,800000.0,10900001.0
209,3894830254999.0,1.0,2734.93,14.0,3.0,91.99999999999999,33.0,14.25,0.0,0.0,0.0,1.0,5.0,260000.0,100001.0
210,3942769732213.0,0.0,1975.5000000000002,12.88,5.0,52.99999999999999,33.0,15.390000000000002,1.0,1.0,268.0,0.0,5.0,760000.0,50100000.99999999
211,3945926806231.0,1.0,3632.6800000000003,14.0,3.0,52.99999999999999,65.0,112.86,1.0,0.0,0.0,0.0,5.0,360000.0,31500000.999999996
212,3918301784251.0,1.0,2274.75,154.0,3.0,104.99999999999999,33.0,42.75,0.0,0.0,0.0,1.0,5.0,120000.0,100001.0
213,3905524649695.0,1.0,1676.25,336.0,5.0,52.99999999999999,33.0,64.125,1.0,1.0,134.0,1.0,5.0,240000.0,600000.9999999999
214,3901584175804.0,0.0,1781.32,71.12,3.0,13.999999999999998,9.0,0.0,0.0,0.0,0.0,1.0,5.0,360000.0,6100001.0
215,3908938195396.0,0.0,2213.5699999999997,129.5,5.0,144.0,65.0,46.3125,1.0,1.0,134.0,0.0,5.0,0.0,100001.0
216,3916875082474.0,1.0,2252.805,60.620000000000005,5.0,104.99999999999999,33.0,42.75,0.0,0.0,0.0,0.0,7.0,240000.0,100001.0
217,3928324407937.0,1.0,2419.055,154.0,5.0,40.0,41.0,142.5,0.0,0.0,0.0,0.0,5.0,420000.0,68800000.99999999
218,3925843600051.0,1.0,1310.5,8.12,5.0,52.99999999999999,33.0,8.265,0.0,0.0,0.0,0.0,5.0,560000.0,36500000.99999999
219,3937550396113.0,1.0,1621.0550000000003,24.5,5.0,144.0,33.0,131.8125,1.0,1.0,134.0,1.0,5.0,1040000.0,200100000.99999997
220,3936132684580.0,0.0,2042.0000000000002,182.0,5.0,104.99999999999999,41.0,114.0,1.0,1.0,469.0,1.0,5.0,0.0,306600001.0
221,3922418317087.0,1.0,1343.75,196.0,5.0,104.99999999999999,33.0,14.25,0.0,0.0,0.0,0.0,5.0,0.0,100001.0
222,3918386442382.0,1.0,1698.195,16.24,5.0,104.99999999999999,33.0,8.265,1.0,1.0,469.0,1.0,5.0,192000.0,512500000.99999994
223,3919321677487.0,1.0,1980.82,133.0,5.0,91.99999999999999,33.0,57.0,0.0,1.0,67.0,1.0,5.0,920000.0,6900001.0
224,3928195547773.0,1.0,2884.555,63.0,5.0,40.0,41.0,21.375,1.0,0.0,0.0,0.0,5.0,1120000.0,100001.0
225,3898241053681.0,1.0,1925.6250000000002,32.620000000000005,5.0,52.99999999999999,33.0,14.25,1.0,0.0,0.0,0.0,3.0,560000.0,100001.0
226,3944077063528.0,1.0,2113.155,84.0,3.0,40.0,41.0,199.5,0.0,0.0,0.0,0.0,5.0,0.0,200001.0
227,3899487201391.0,1.0,1360.375,278.88000000000005,5.0,131.0,17.0,0.0,1.0,0.0,0.0,0.0,5.0,0.0,100001.0
228,3887420795569.0,1.0,3006.25,238.0,5.0,170.0,65.0,399.0,1.0,1.0,67.0,1.0,5.0,176000.0,200100000.99999997
229,3922659305572.0,0.0,1531.945,64.12,5.0,144.0,65.0,65.265,1.0,1.0,469.0,1.0,5.0,280000.0,238500001.0
230,3904589414590.0,0.0,1388.3050000000003,84.0,5.0,144.0,33.0,4.702500000000001,1.0,1.0,201.0,0.0,5.0,200000.0,700000.9999999999
231,3947138990797.0,1.0,1864.445,42.0,5.0,117.99999999999999,33.0,64.125,0.0,1.0,67.0,1.0,5.0,200000.0,400000.99999999994
232,3897782301508.0,1.0,2734.93,63.0,3.0,183.0,65.0,285.0,1.0,0.0,0.0,1.0,5.0,352000.0,100001.0
233,3945680073979.0,1.0,3765.6800000000003,784.0,3.0,104.99999999999999,33.0,812.25,1.0,1.0,2680.0,0.0,5.0,0.0,1600000.9999999998
234,3920751625741.0,0.0,4275.070000000001,4.62,5.0,13.999999999999998,9.0,0.0,1.0,1.0,67.0,0.0,5.0,464000.0,10100001.0
235,3901930050469.0,0.0,1504.6800000000003,315.0,3.0,183.0,65.0,21.375,1.0,1.0,268.0,0.0,5.0,0.0,32200000.999999996
236,3903217403464.0,0.0,1631.695,70.0,3.0,40.0,41.0,128.25,0.0,0.0,0.0,0.0,5.0,400000.0,45700000.99999999
237,3908639020054.0,0.0,4635.500000000001,168.0,5.0,13.999999999999998,9.0,0.0,0.0,0.0,0.0,0.0,3.0,0.0,100001.0
238,3934133853664.0,1.0,2379.8199999999997,21.0,5.0,52.99999999999999,33.0,42.75,0.0,0.0,0.0,1.0,5.0,462000.0,100001.0
239,3894322805671.0,1.0,3227.6949999999997,336.0,5.0,91.99999999999999,33.0,456.0,1.0,0.0,0.0,0.0,3.0,220000.0,100001.0
240,3938823514555.0,0.0,1881.07,420.0,3.0,131.0,73.0,0.0,1.0,0.0,0.0,0.0,5.0,0.0,1321300000.9999998
241,3893678255122.0,1.0,2352.555,70.0,5.0,52.99999999999999,33.0,128.25,1.0,1.0,469.0,0.0,5.0,300000.0,127100000.99999999
242,3933477316123.0,1.0,3305.5,212.38000000000002,5.0,40.0,41.0,216.1725,1.0,1.0,1005.0,1.0,5.0,0.0,500100000.99999994
243,3921182158537.0,1.0,5350.375000000001,154.0,5.0,104.99999999999999,33.0,15.390000000000002,1.0,0.0,0.0,0.0,5.0,0.0,34100000.99999999
244,3927979532188.0,1.0,1958.8750000000002,364.0,5.0,27.0,65.0,14.25,0.0,0.0,0.0,0.0,5.0,456000.0,100001.0
245,3913276237855.0,0.0,1138.9300000000003,14.0,5.0,40.0,33.0,4.702500000000001,0.0,1.0,402.0,1.0,5.0,480000.0,3600001.0
246,3936638385805.0,0.0,1077.75,4.62,5.0,78.99999999999999,33.0,28.5,0.0,1.0,134.0,1.0,5.0,640000.0,200001.0
247,3927755775004.0,1.0,4009.0699999999997,406.0,5.0,13.999999999999998,9.0,513.0,1.0,1.0,1005.0,1.0,5.0,0.0,100100000.99999999
248,3911569340140.0,1.0,1875.7500000000002,56.0,5.0,52.99999999999999,65.0,118.7025,1.0,1.0,134.0,1.0,5.0,362000.0,100001.0
249,3929878471504.0,1.0,2773.5,43.120000000000005,5.0,40.0,41.0,99.75,0.0,0.0,0.0,0.0,5.0,432000.0,100001.0
250,3932199452830.0,1.0,1615.07,252.0,5.0,78.99999999999999,33.0,7.125,0.0,0.0,0.0,1.0,5.0,0.0,100001.0
251,3903642192493.0,1.0,1643.0,373.38000000000005,3.0,78.99999999999999,33.0,1.1400000000000001,0.0,0.0,0.0,1.0,5.0,240000.0,47600000.99999999
252,3932496880069.0,1.0,2324.625,420.0,5.0,157.0,57.0,153.1875,1.0,1.0,603.0,1.0,5.0,0.0,13500001.0
253,3928420803331.0,1.0,2252.805,35.0,5.0,117.99999999999999,33.0,33.2025,0.0,0.0,0.0,0.0,5.0,240000.0,100001.0
254,3929413725835.0,0.0,2728.9449999999997,280.0,5.0,144.0,65.0,49.875,1.0,0.0,0.0,0.0,5.0,58000.0,83800000.99999999
255,3921030822763.0,1.0,1371.6800000000003,51.38,5.0,104.99999999999999,33.0,64.125,1.0,1.0,67.0,0.0,5.0,200000.0,15100001.0
256,3903904907401.0,1.0,2507.5,31.5,3.0,27.0,33.0,42.75,0.0,0.0,0.0,1.0,5.0,862000.0,100001.0
257,3892273779226.0,1.0,3239.0,119.0,5.0,91.99999999999999,33.0,3.5625,1.0,0.0,0.0,1.0,5.0,450000.0,100001.0
258,3907945023163.0,1.0,1543.25,21.0,5.0,91.99999999999999,33.0,14.25,0.0,0.0,0.0,1.0,3.0,640000.0,100001.0
259,3932687173567.0,1.0,2341.25,94.5,5.0,104.99999999999999,65.0,236.265,0.0,0.0,0.0,1.0,5.0,0.0,100001.0
260,3925485988123.0,1.0,1099.695,77.0,5.0,78.99999999999999,33.0,18.9525,0.0,1.0,67.0,0.0,5.0,160000.0,2200001.0
261,3888566052763.0,1.0,1521.3050000000003,294.0,5.0,144.0,65.0,38.0475,1.0,0.0,0.0,0.0,5.0,200000.0,100001.0
262,3929395995076.0,0.0,1460.125,329.0,5.0,104.99999999999999,33.0,7.125,0.0,0.0,0.0,1.0,5.0,360000.0,100001.0
263,3890689248721.0,0.0,1681.57,71.12,3.0,78.99999999999999,33.0,7.125,1.0,0.0,0.0,1.0,5.0,740000.0,100001.0
264,3901464056155.0,1.0,2429.6949999999997,59.5,3.0,117.99999999999999,33.0,2.4225000000000003,1.0,1.0,67.0,0.0,5.0,100000.0,118800000.99999999
265,3911318362495.0,0.0,1914.32,105.0,5.0,104.99999999999999,33.0,7.125,0.0,1.0,67.0,1.0,5.0,80000.0,15500000.999999998
266,3918942339136.0,1.0,1488.0550000000003,339.5,5.0,104.99999999999999,33.0,95.0475,0.0,1.0,134.0,1.0,5.0,360000.0,17400001.0
267,3936422869678.0,1.0,2286.055,43.120000000000005,5.0,170.0,33.0,43.89,1.0,1.0,67.0,1.0,5.0,1040000.0,5000100001.0
268,3926966881093.0,1.0,2341.25,70.0,5.0,40.0,33.0,28.5,0.0,0.0,0.0,1.0,5.0,420000.0,100001.0
269,3892607916628.0,1.0,1914.32,101.5,5.0,78.99999999999999,33.0,7.125,0.0,0.0,0.0,1.0,5.0,200000.0,100001.0
270,3914748889768.0,0.0,1288.5550000000003,151.62,5.0,40.0,65.0,8.265,0.0,0.0,0.0,0.0,5.0,160000.0,48500000.99999999
271,3922326167086.0,1.0,1559.875,28.0,5.0,104.99999999999999,33.0,23.7975,1.0,0.0,0.0,0.0,3.0,600000.0,100001.0
272,3891260628673.0,1.0,1111.0,3.5,5.0,104.99999999999999,33.0,4.702500000000001,0.0,0.0,0.0,0.0,5.0,264000.0,100001.0
273,3912311534728.0,0.0,1349.07,3.5,5.0,144.0,33.0,28.5,0.0,1.0,67.0,0.0,5.0,480000.0,76900000.99999999
274,3913664066992.0,1.0,1498.695,308.0,5.0,117.99999999999999,33.0,57.0,1.0,1.0,67.0,0.0,5.0,160000.0,27900000.999999996
275,3915991291543.0,1.0,2274.75,142.38,3.0,40.0,41.0,30.9225,0.0,0.0,0.0,1.0,5.0,960000.0,100001.0
276,3906360492658.0,0.0,3809.5699999999997,9.38,5.0,40.0,41.0,28.5,1.0,0.0,0.0,1.0,5.0,504000.0,219800001.0
277,3909060312877.0,1.0,1094.375,23.38,5.0,91.99999999999999,33.0,2.4225000000000003,1.0,0.0,0.0,0.0,3.0,400000.0,100001.0
278,3888616747750.0,1.0,2196.9449999999997,70.0,5.0,170.0,65.0,78.375,1.0,1.0,402.0,0.0,5.0,320000.0,207300001.0
279,3893630307154.0,1.0,3222.375,702.3800000000001,5.0,117.99999999999999,33.0,49.875,1.0,1.0,201.0,0.0,5.0,240000.0,1500000.9999999998
280,3948352174279.0,1.0,2286.055,77.0,5.0,40.0,41.0,71.25,0.0,0.0,0.0,1.0,5.0,464000.0,20100001.0
281,3898777971031.0,1.0,1232.695,33.88,3.0,131.0,17.0,0.0,0.0,0.0,0.0,0.0,5.0,200000.0,100001.0
282,3929644225702.0,1.0,2956.375,14.0,5.0,91.99999999999999,33.0,306.375,1.0,0.0,0.0,0.0,3.0,800000.0,100001.0
283,3887761675654.0,1.0,2601.93,49.0,5.0,52.99999999999999,33.0,14.25,0.0,0.0,0.0,1.0,5.0,600000.0,300001.0
284,3944657433724.0,1.0,2113.82,21.0,3.0,78.99999999999999,33.0,99.75,0.0,0.0,0.0,1.0,5.0,640000.0,100001.0
285,3922375113970.0,1.0,1681.57,47.88,5.0,183.0,33.0,47.4525,1.0,1.0,67.0,1.0,5.0,790000.0,2100001.0
286,3927011083126.0,1.0,4364.18,308.0,5.0,131.0,73.0,570.0,1.0,1.0,469.0,1.0,5.0,44000.0,100001.0
287,3933538749457.0,1.0,2762.1949999999997,0.0,5.0,104.99999999999999,41.0,427.5,1.0,0.0,0.0,0.0,5.0,0.0,100001.0
288,3904264766890.0,1.0,2091.875,31.5,5.0,13.999999999999998,9.0,0.0,0.0,1.0,67.0,0.0,5.0,192000.0,2000000.9999999998
289,3913927531087.0,0.0,2457.625,131.88,5.0,13.999999999999998,9.0,0.0,0.0,0.0,0.0,0.0,5.0,320000.0,100001.0
290,3915989793169.0,1.0,2163.6949999999997,210.0,5.0,131.0,41.0,45.1725,1.0,0.0,0.0,1.0,3.0,840000.0,100001.0
291,3944191689139.0,0.0,2136.43,87.5,5.0,13.999999999999998,9.0,86.64,0.0,1.0,134.0,1.0,5.0,400000.0,500000.99999999994
292,3898614398536.0,1.0,1664.945,77.0,5.0,104.99999999999999,33.0,64.125,1.0,1.0,402.0,0.0,5.0,368000.0,60100000.99999999
293,3937860809260.0,1.0,1471.4300000000003,15.120000000000001,3.0,183.0,33.0,1.1400000000000001,1.0,1.0,67.0,1.0,5.0,1680000.0,6000001.0
294,3924825454918.0,1.0,2291.375,84.0,5.0,170.0,65.0,211.32750000000001,1.0,0.0,0.0,1.0,5.0,0.0,100001.0
295,3901698551686.0,1.0,3460.4449999999997,84.0,3.0,13.999999999999998,9.0,42.75,0.0,0.0,0.0,0.0,5.0,360000.0,500000.99999999994
296,3919852101883.0,0.0,2113.155,42.0,5.0,13.999999999999998,9.0,0.0,0.0,1.0,134.0,1.0,5.0,400000.0,10600001.0
297,3897782800966.0,1.0,2568.68,19.74,5.0,104.99999999999999,33.0,10.6875,0.0,1.0,134.0,0.0,5.0,450000.0,50100000.99999999
298,3905250447253.0,1.0,2618.555,47.88,5.0,183.0,33.0,3.5625,1.0,1.0,335.0,1.0,5.0,960000.0,100001.0
299,3943202762299.0,1.0,1222.0550000000003,68.88000000000001,5.0,104.99999999999999,57.0,27.36,0.0,1.0,134.0,1.0,5.0,320000.0,58800000.99999999
300,3902578097224.0,1.0,2607.25,140.0,5.0,170.0,33.0,99.75,1.0,1.0,670.0,1.0,5.0,0.0,100001.0
301,3942792957010.0,1.0,1343.75,309.26,5.0,104.99999999999999,33.0,57.0,0.0,0.0,0.0,1.0,5.0,272000.0,100001.0
302,3921297533335.0,1.0,2191.625,65.38000000000001,5.0,27.0,65.0,163.875,0.0,0.0,0.0,1.0,5.0,584000.0,100001.0
303,3922817633758.0,1.0,1249.32,159.88,5.0,27.0,33.0,15.390000000000002,0.0,0.0,0.0,0.0,5.0,240000.0,100001.0
304,3887913760615.0,0.0,1066.445,213.5,5.0,144.0,33.0,3.5625,0.0,1.0,67.0,1.0,5.0,0.0,16100000.999999998
305,3936854401390.0,1.0,2629.1949999999997,164.5,5.0,170.0,65.0,285.0,1.0,1.0,938.0,1.0,5.0,798000.0,100001.0
306,3944286336430.0,0.0,1315.82,18.62,5.0,117.99999999999999,33.0,47.4525,0.0,0.0,0.0,0.0,5.0,440000.0,600000.9999999999
307,3947618220748.0,1.0,1432.195,294.0,5.0,104.99999999999999,33.0,85.5,1.0,0.0,0.0,1.0,5.0,0.0,100001.0
308,3941278350625.0,0.0,1521.3050000000003,21.0,5.0,104.99999999999999,33.0,57.0,0.0,1.0,134.0,1.0,5.0,400000.0,39500000.99999999
309,3900458647201.0,1.0,1720.8050000000003,91.0,5.0,104.99999999999999,65.0,65.265,0.0,1.0,67.0,1.0,5.0,832000.0,2200001.0
310,3944064826807.0,1.0,1415.57,282.38000000000005,3.0,131.0,65.0,35.625,0.0,0.0,0.0,0.0,5.0,520000.0,100001.0
311,3930871643737.0,0.0,3272.25,42.0,5.0,65.99999999999999,25.0,0.0,1.0,0.0,0.0,1.0,5.0,200000.0,2800000.9999999995
312,3926374523905.0,1.0,1388.3050000000003,148.12,5.0,144.0,33.0,10.6875,1.0,1.0,67.0,0.0,5.0,320000.0,100001.0
313,3917830046170.0,0.0,1321.8050000000003,5.88,5.0,144.0,65.0,8.265,1.0,1.0,737.0,0.0,5.0,160000.0,10000001.0
314,3891559304557.0,1.0,1465.445,7.0,5.0,27.0,65.0,18.9525,1.0,0.0,0.0,1.0,5.0,0.0,100001.0
315,3917431978144.0,1.0,1797.945,15.120000000000001,5.0,52.99999999999999,9.0,0.0,0.0,0.0,0.0,0.0,5.0,200000.0,100001.0
316,3894126019219.0,0.0,2579.3199999999997,140.0,5.0,170.0,33.0,384.75,1.0,0.0,0.0,1.0,5.0,1960000.0,100001.0
317,3948653097724.0,0.0,3344.0699999999997,351.12,5.0,78.99999999999999,33.0,65.265,1.0,1.0,201.0,1.0,5.0,312000.0,100001.0
318,3929253649546.0,0.0,1061.125,10.5,5.0,104.99999999999999,33.0,28.5,0.0,0.0,0.0,0.0,5.0,240000.0,1900000.9999999998
319,3938705392738.0,0.0,1643.0,357.0,5.0,104.99999999999999,41.0,135.375,1.0,1.0,134.0,0.0,5.0,146000.0,44500000.99999999
320,3936255301519.0,1.0,1410.25,134.12,3.0,117.99999999999999,33.0,64.125,1.0,1.0,67.0,1.0,5.0,160000.0,30100000.999999996
321,3940275189232.0,1.0,1482.07,308.0,5.0,170.0,33.0,18.9525,1.0,0.0,0.0,0.0,5.0,200000.0,100001.0
322,3918080774086.0,1.0,3643.3199999999997,263.62,5.0,13.999999999999998,9.0,410.8275,1.0,1.0,737.0,1.0,5.0,60000.0,30100000.999999996
323,3926131787317.0,1.0,1216.07,154.0,5.0,52.99999999999999,33.0,14.25,1.0,0.0,0.0,0.0,5.0,160000.0,100001.0
324,3933366186718.0,1.0,2452.305,123.62,3.0,52.99999999999999,33.0,7.125,1.0,1.0,670.0,1.0,5.0,640000.0,100001.0
325,3948411609781.0,1.0,2552.055,283.5,5.0,183.0,33.0,71.25,1.0,1.0,402.0,0.0,5.0,1040000.0,19700001.0
326,3942544476655.0,1.0,1465.445,43.120000000000005,5.0,52.99999999999999,33.0,2.4225000000000003,0.0,0.0,0.0,1.0,5.0,712000.0,100001.0
327,3888422958046.0,0.0,3466.4300000000003,182.0,5.0,40.0,41.0,87.9225,0.0,0.0,0.0,1.0,5.0,146000.0,100001.0
328,3900049591099.0,1.0,1488.0550000000003,63.0,5.0,40.0,33.0,3.5625,0.0,0.0,0.0,0.0,5.0,320000.0,1100000.9999999998
329,3918210133708.0,1.0,3499.6800000000003,42.0,5.0,27.0,33.0,106.875,0.0,0.0,0.0,1.0,5.0,0.0,35100000.99999999
330,3907993720318.0,0.0,4064.9300000000003,140.0,5.0,78.99999999999999,33.0,114.0,1.0,1.0,268.0,0.0,5.0,0.0,10000001.0
331,3946259694988.0,1.0,1355.0550000000003,157.5,5.0,117.99999999999999,33.0,48.735,1.0,0.0,0.0,0.0,3.0,240000.0,100001.0
332,3939208097215.0,1.0,1559.875,112.0,5.0,104.99999999999999,41.0,7.125,1.0,0.0,0.0,1.0,5.0,320000.0,100001.0
333,3923666462629.0,1.0,2419.055,11.76,3.0,117.99999999999999,33.0,8.265,0.0,0.0,0.0,1.0,5.0,618000.0,300001.0
334,3944616727897.0,0.0,2823.375,49.0,3.0,104.99999999999999,33.0,0.0,0.0,0.0,0.0,1.0,5.0,300000.0,200001.0
335,3935528090671.0,1.0,1581.82,23.38,5.0,40.0,65.0,2.4225000000000003,0.0,0.0,0.0,1.0,5.0,440000.0,600000.9999999999
336,3915614949940.0,0.0,2407.75,28.0,5.0,104.99999999999999,33.0,57.0,1.0,1.0,737.0,0.0,5.0,0.0,45700000.99999999
337,3946001475202.0,1.0,2645.8199999999997,140.0,5.0,13.999999999999998,9.0,0.0,0.0,1.0,134.0,0.0,5.0,34000.0,200001.0
338,3907295977492.0,0.0,1265.945,123.62,3.0,104.99999999999999,65.0,85.5,1.0,0.0,0.0,0.0,5.0,480000.0,100001.0
339,3944762569633.0,1.0,1825.8750000000002,17.5,5.0,78.99999999999999,33.0,12.967500000000001,1.0,0.0,0.0,1.0,5.0,400000.0,100001.0
340,3913430320648.0,1.0,2169.68,84.0,5.0,27.0,33.0,4.702500000000001,0.0,0.0,0.0,1.0,5.0,240000.0,100001.0
341,3890474232052.0,1.0,1305.1800000000003,42.0,3.0,170.0,33.0,57.0,1.0,0.0,0.0,1.0,5.0,200000.0,2100001.0
342,3949503424969.0,0.0,1515.32,301.0,5.0,144.0,33.0,11.8275,1.0,1.0,335.0,1.0,5.0,0.0,56100000.99999999
343,3928342638154.0,1.0,2668.43,173.88,5.0,144.0,33.0,1.1400000000000001,1.0,1.0,67.0,0.0,5.0,400000.0,30100000.999999996
344,3936542240140.0,1.0,1521.3050000000003,4.62,5.0,104.99999999999999,25.0,64.125,0.0,0.0,0.0,1.0,3.0,0.0,100001.0
345,3925936499239.0,0.0,1571.1800000000003,22.12,3.0,144.0,33.0,42.75,1.0,1.0,134.0,1.0,5.0,160000.0,40100000.99999999
346,3887755182700.0,0.0,2008.7500000000002,148.12,5.0,131.0,17.0,64.125,1.0,1.0,335.0,1.0,5.0,198000.0,50100000.99999999
347,3925916271190.0,0.0,2695.6949999999997,211.12,3.0,144.0,65.0,228.0,1.0,1.0,938.0,0.0,5.0,0.0,230100001.0
348,3948666083632.0,0.0,2457.625,143.5,5.0,131.0,33.0,142.5,1.0,0.0,0.0,1.0,5.0,0.0,400100001.0
349,3949070894341.0,1.0,2075.25,58.38,5.0,104.99999999999999,33.0,2.4225000000000003,0.0,0.0,0.0,0.0,5.0,600000.0,100001.0
350,3925163338255.0,0.0,1687.5550000000003,80.5,5.0,183.0,65.0,24.9375,1.0,0.0,0.0,0.0,5.0,720000.0,100001.0
351,3924047299354.0,1.0,1837.1800000000003,350.0,5.0,78.99999999999999,41.0,7.125,0.0,0.0,0.0,1.0,5.0,1440000.0,100001.0
352,3888015899776.0,1.0,2113.155,112.0,5.0,183.0,33.0,142.5,1.0,1.0,201.0,1.0,5.0,580000.0,228000001.0
353,3948181109914.0,1.0,2280.0699999999997,182.0,5.0,78.99999999999999,33.0,3.5625,1.0,0.0,0.0,1.0,5.0,886000.0,100001.0
354,3929855995894.0,1.0,1482.07,65.38000000000001,5.0,52.99999999999999,33.0,21.375,0.0,0.0,0.0,0.0,5.0,360000.0,100001.0
355,3935228415871.0,1.0,2080.57,86.38000000000001,5.0,104.99999999999999,33.0,71.25,0.0,1.0,134.0,1.0,5.0,320000.0,4200001.0
356,3901549713202.0,1.0,2113.155,14.0,5.0,104.99999999999999,41.0,23.7975,1.0,0.0,0.0,1.0,3.0,640000.0,100001.0
357,3916763453611.0,1.0,1077.75,87.5,5.0,117.99999999999999,33.0,2.4225000000000003,0.0,1.0,67.0,0.0,5.0,0.0,700000.9999999999
358,3888532589077.0,1.0,1825.8750000000002,46.620000000000005,5.0,170.0,65.0,144.9225,1.0,1.0,603.0,0.0,5.0,798000.0,82800000.99999999
359,3945176120857.0,1.0,1687.5550000000003,84.0,5.0,104.99999999999999,33.0,35.625,0.0,1.0,67.0,0.0,5.0,0.0,2300001.0
360,3928749446695.0,1.0,4519.125000000001,154.0,5.0,131.0,73.0,370.5,1.0,1.0,67.0,1.0,5.0,0.0,100001.0
361,3893549145229.0,0.0,1265.945,266.0,5.0,117.99999999999999,33.0,46.3125,1.0,1.0,402.0,1.0,5.0,80000.0,60100000.99999999
362,3892411379905.0,0.0,1825.8750000000002,8.12,5.0,91.99999999999999,65.0,3.5625,0.0,1.0,67.0,1.0,5.0,544000.0,10900001.0
363,3897254374402.0,0.0,1315.82,18.62,3.0,104.99999999999999,33.0,28.5,0.0,1.0,67.0,0.0,5.0,4000000.0,300001.0
364,3912273076462.0,1.0,2058.625,44.38,5.0,27.0,33.0,16.6725,0.0,0.0,0.0,1.0,3.0,0.0,100001.0
365,3906209906071.0,0.0,3355.375,23.38,5.0,78.99999999999999,33.0,14.25,0.0,0.0,0.0,1.0,5.0,480000.0,11800001.0
366,3894084314476.0,1.0,2080.57,42.0,3.0,117.99999999999999,33.0,1.1400000000000001,0.0,0.0,0.0,0.0,3.0,320000.0,100001.0
367,3908070387121.0,1.0,3443.8199999999997,420.0,5.0,104.99999999999999,33.0,242.25,1.0,1.0,603.0,0.0,5.0,0.0,100001.0
368,3929850751585.0,0.0,2446.3199999999997,8.12,5.0,13.999999999999998,9.0,0.0,0.0,1.0,670.0,0.0,5.0,400000.0,1900000.9999999998
369,3933531257587.0,1.0,2246.8199999999997,77.0,5.0,91.99999999999999,33.0,121.125,1.0,1.0,402.0,0.0,5.0,408000.0,100001.0
370,3935042367766.0,0.0,1398.945,84.0,5.0,78.99999999999999,33.0,1.1400000000000001,1.0,0.0,0.0,0.0,5.0,200000.0,100001.0
371,3927295524457.0,1.0,2419.055,507.5,5.0,117.99999999999999,33.0,2.4225000000000003,0.0,0.0,0.0,0.0,5.0,640000.0,355300001.0
372,3901993731364.0,1.0,3388.625,16.38,5.0,13.999999999999998,9.0,0.0,0.0,0.0,0.0,0.0,5.0,290000.0,100001.0
373,3925181069014.0,0.0,1581.82,23.24,5.0,144.0,33.0,11.8275,0.0,1.0,67.0,1.0,5.0,400000.0,1200000.9999999998
374,3924843185677.0,1.0,2352.555,126.0,5.0,183.0,65.0,163.875,0.0,0.0,0.0,1.0,3.0,1422000.0,100001.0
375,3919833621937.0,0.0,3898.6800000000003,588.0,5.0,40.0,41.0,285.0,1.0,1.0,871.0,0.0,5.0,0.0,670100000.9999999
376,3905495181673.0,1.0,1892.3750000000002,24.5,5.0,91.99999999999999,33.0,27.36,1.0,1.0,201.0,1.0,5.0,792000.0,100001.0
377,3937016475511.0,1.0,2113.155,17.5,5.0,52.99999999999999,33.0,7.125,0.0,0.0,0.0,0.0,5.0,760000.0,201100000.99999997
378,3894039612985.0,0.0,2125.125,84.0,3.0,65.99999999999999,25.0,0.0,0.0,0.0,0.0,0.0,5.0,320000.0,2100001.0
379,3906205410949.0,1.0,1305.1800000000003,182.0,5.0,117.99999999999999,65.0,41.61,1.0,1.0,469.0,0.0,5.0,160000.0,295500001.0
380,3897722366548.0,1.0,2612.5699999999997,168.0,5.0,91.99999999999999,33.0,36.765,1.0,1.0,335.0,1.0,5.0,216000.0,109800000.99999999
381,3902108856433.0,1.0,1149.57,92.12,5.0,40.0,33.0,9.547500000000001,0.0,0.0,0.0,1.0,5.0,280000.0,300001.0
382,3889064511847.0,1.0,2994.9449999999997,196.0,3.0,104.99999999999999,33.0,46.3125,0.0,0.0,0.0,0.0,5.0,320000.0,300001.0
383,3929527851988.0,1.0,1094.375,0.0,3.0,78.99999999999999,33.0,7.125,0.0,0.0,0.0,0.0,5.0,120000.0,100001.0
384,3913996206562.0,0.0,2751.555,182.0,5.0,144.0,33.0,14.25,1.0,1.0,201.0,1.0,5.0,290000.0,100001.0
385,3893260957963.0,1.0,1936.9300000000003,420.0,5.0,104.99999999999999,65.0,152.0475,1.0,1.0,737.0,0.0,5.0,0.0,228400001.0
386,3910807666690.0,0.0,1754.0550000000003,56.0,5.0,65.99999999999999,25.0,0.0,0.0,0.0,0.0,1.0,5.0,552000.0,200001.0
387,3911791349221.0,1.0,2579.3199999999997,93.38000000000001,5.0,117.99999999999999,33.0,114.0,1.0,1.0,938.0,0.0,5.0,766000.0,134500001.0
388,3918487832356.0,1.0,1687.5550000000003,168.0,5.0,104.99999999999999,33.0,28.5,1.0,1.0,201.0,0.0,5.0,0.0,100001.0
389,3947737341481.0,0.0,1887.0550000000003,10.5,5.0,144.0,33.0,16.6725,1.0,1.0,268.0,0.0,5.0,160000.0,100001.0
390,3914994373375.0,1.0,4896.18,497.0,5.0,13.999999999999998,9.0,0.0,1.0,0.0,0.0,1.0,5.0,0.0,100001.0
391,3936973771852.0,1.0,1510.0,322.0,3.0,91.99999999999999,33.0,42.75,0.0,0.0,0.0,1.0,5.0,0.0,400100001.0
392,3937426280800.0,0.0,1820.5550000000003,35.0,5.0,13.999999999999998,9.0,0.0,0.0,1.0,67.0,0.0,5.0,184000.0,30100000.999999996
393,3944504849305.0,0.0,1288.5550000000003,240.38000000000002,5.0,170.0,65.0,21.375,1.0,1.0,469.0,0.0,5.0,192000.0,100001.0
394,3935103801100.0,0.0,1714.82,0.0,5.0,104.99999999999999,33.0,0.0,0.0,0.0,0.0,0.0,7.0,368000.0,100001.0
395,3914204730277.0,1.0,2113.155,1.12,3.0,27.0,33.0,121.125,0.0,0.0,0.0,1.0,5.0,920000.0,100001.0
396,3947827993108.0,0.0,1510.0,238.0,5.0,144.0,33.0,49.875,1.0,1.0,670.0,0.0,5.0,160000.0,99100000.99999999
397,3896678249599.0,0.0,1537.9300000000003,35.0,5.0,144.0,33.0,7.125,0.0,0.0,0.0,1.0,5.0,240000.0,81000000.99999999
398,3931759929790.0,1.0,1559.875,353.5,5.0,104.99999999999999,33.0,3.5625,0.0,1.0,134.0,0.0,5.0,0.0,555300000.9999999
399,3890236739773.0,0.0,1975.5000000000002,30.38,3.0,183.0,33.0,28.5,0.0,0.0,0.0,0.0,5.0,560000.0,1400000.9999999998
400,3938129018206.0,0.0,2141.75,168.0,5.0,27.0,33.0,35.625,0.0,0.0,0.0,0.0,5.0,544000.0,100001.0
401,3946250954473.0,1.0,1809.2500000000002,42.0,3.0,117.99999999999999,33.0,10.6875,1.0,0.0,0.0,1.0,5.0,520000.0,106600000.99999999
402,3915115741669.0,1.0,1299.195,305.62,5.0,104.99999999999999,41.0,16.6725,0.0,1.0,134.0,1.0,5.0,400000.0,800000.9999999999
403,3903781791004.0,1.0,2391.125,67.62,5.0,117.99999999999999,33.0,3.5625,0.0,1.0,134.0,0.0,5.0,440000.0,200001.0
404,3940612323382.0,1.0,1265.945,0.0,5.0,144.0,33.0,18.9525,0.0,0.0,0.0,0.0,5.0,320000.0,200001.0
405,3919431558247.0,0.0,1925.6250000000002,105.0,5.0,104.99999999999999,33.0,30.9225,1.0,1.0,67.0,1.0,5.0,742000.0,100001.0
406,3921838446349.0,1.0,2302.68,119.0,5.0,40.0,41.0,92.625,1.0,1.0,134.0,0.0,5.0,548000.0,61100000.99999999
407,3931251731275.0,0.0,2224.875,84.0,3.0,78.99999999999999,33.0,57.0,0.0,0.0,0.0,0.0,5.0,360000.0,100001.0
408,3937408550041.0,1.0,3599.4300000000003,269.5,5.0,131.0,33.0,246.9525,1.0,1.0,335.0,0.0,5.0,0.0,100001.0
409,3931323653227.0,1.0,1692.875,28.0,5.0,78.99999999999999,33.0,14.25,0.0,0.0,0.0,0.0,5.0,400000.0,100001.0
410,3917778851725.0,1.0,2169.68,60.620000000000005,3.0,52.99999999999999,9.0,0.0,0.0,0.0,0.0,0.0,5.0,240000.0,100001.0
411,3933832680490.0,0.0,1415.57,140.0,3.0,13.999999999999998,9.0,0.0,0.0,0.0,0.0,0.0,5.0,0.0,100001.0
412,3920448454735.0,0.0,3771.0,448.0,5.0,65.99999999999999,9.0,0.0,1.0,1.0,1005.0,0.0,5.0,0.0,24800001.0
413,3903702626911.0,1.0,2158.375,4.62,3.0,104.99999999999999,65.0,92.625,1.0,1.0,67.0,1.0,5.0,864000.0,800100000.9999999
414,3896920736458.0,0.0,1377.0,331.38000000000005,5.0,104.99999999999999,65.0,171.0,1.0,0.0,0.0,0.0,5.0,680000.0,100001.0
415,3946450238215.0,0.0,2025.3750000000002,154.0,5.0,52.99999999999999,33.0,156.75,0.0,0.0,0.0,1.0,3.0,200000.0,100001.0
416,3904677818656.0,0.0,1648.32,18.76,5.0,78.99999999999999,65.0,49.875,1.0,0.0,0.0,0.0,5.0,800000.0,100001.0
417,3893871545368.0,1.0,1554.5550000000003,311.5,5.0,183.0,65.0,13.110000000000001,1.0,1.0,67.0,0.0,5.0,200000.0,100001.0
418,3929884215271.0,0.0,2113.155,315.0,5.0,13.999999999999998,9.0,0.0,0.0,0.0,0.0,0.0,5.0,368000.0,520100000.99999994
419,3907572926953.0,0.0,2163.6949999999997,15.120000000000001,5.0,170.0,33.0,1.1400000000000001,1.0,0.0,0.0,0.0,5.0,880000.0,1117800001.0
420,3901408616317.0,1.0,1604.4300000000003,42.0,5.0,27.0,65.0,53.4375,1.0,1.0,402.0,0.0,5.0,400000.0,32800000.999999996
421,3937114868737.0,1.0,2457.625,3.5,3.0,104.99999999999999,33.0,42.75,0.0,0.0,0.0,1.0,5.0,464000.0,11400001.0
422,3907405608523.0,1.0,1997.445,35.0,3.0,52.99999999999999,33.0,7.125,0.0,0.0,0.0,0.0,5.0,448000.0,100001.0
423,3932312829796.0,0.0,1615.07,14.0,5.0,144.0,65.0,35.625,1.0,1.0,67.0,0.0,5.0,0.0,67900000.99999999
424,3918870417184.0,1.0,1421.5550000000003,7.0,3.0,104.99999999999999,65.0,7.125,0.0,0.0,0.0,0.0,5.0,560000.0,20500001.0
425,3902156304943.0,1.0,2103.1800000000003,434.0,5.0,104.99999999999999,33.0,14.25,1.0,0.0,0.0,0.0,5.0,240000.0,100001.0
426,3905907234523.0,1.0,1531.945,84.0,5.0,91.99999999999999,33.0,36.765,1.0,1.0,67.0,0.0,5.0,520000.0,80100000.99999999
427,3943393804984.0,1.0,2507.5,49.0,3.0,104.99999999999999,41.0,7.125,1.0,0.0,0.0,1.0,5.0,328000.0,40100000.99999999
428,3911950426594.0,0.0,1664.945,126.0,5.0,117.99999999999999,33.0,28.5,0.0,0.0,0.0,1.0,5.0,720000.0,700000.9999999999
429,3933261050809.0,1.0,2429.6949999999997,106.12,5.0,117.99999999999999,33.0,33.2025,1.0,0.0,0.0,1.0,5.0,400000.0,100001.0
430,3906995303776.0,0.0,3155.875,21.0,5.0,144.0,65.0,78.375,1.0,1.0,67.0,0.0,5.0,666000.0,89300000.99999999
431,3934390575076.0,1.0,2147.0699999999997,112.0,3.0,170.0,33.0,42.75,0.0,0.0,0.0,1.0,5.0,240000.0,100001.0
432,3922104158005.0,0.0,2047.32,298.62,5.0,144.0,65.0,2.4225000000000003,0.0,1.0,804.0,1.0,5.0,258000.0,400000.99999999994
433,3936006071977.0,1.0,1864.445,43.120000000000005,5.0,117.99999999999999,33.0,106.875,1.0,1.0,335.0,1.0,5.0,200000.0,400000.99999999994
434,3913591895311.0,1.0,3659.9449999999997,434.0,5.0,131.0,73.0,0.0,1.0,1.0,1340.0,0.0,5.0,304000.0,13100001.0
435,3917645995897.0,1.0,1083.07,21.0,5.0,104.99999999999999,33.0,49.875,1.0,1.0,335.0,1.0,5.0,704000.0,69100000.99999999
436,3907749485356.0,1.0,1648.32,350.0,5.0,117.99999999999999,33.0,24.9375,1.0,0.0,0.0,1.0,5.0,520000.0,100001.0
437,3913652080000.0,1.0,2186.305,154.0,5.0,144.0,65.0,156.75,1.0,1.0,804.0,1.0,5.0,816000.0,100100000.99999999
438,3893602337506.0,1.0,2020.0550000000003,14.0,5.0,104.99999999999999,33.0,49.875,1.0,1.0,737.0,0.0,5.0,64000.0,54100000.99999999
439,3914806327438.0,1.0,1493.375,12.88,5.0,52.99999999999999,33.0,3.5625,0.0,0.0,0.0,1.0,5.0,560000.0,5600001.0
440,3948959764936.0,1.0,2790.125,26.88,5.0,183.0,33.0,71.25,1.0,0.0,0.0,0.0,5.0,1020000.0,60100000.99999999
441,3896819346484.0,1.0,2452.305,56.0,5.0,40.0,33.0,7.125,0.0,0.0,0.0,1.0,5.0,442000.0,100001.0
442,3920897966935.0,1.0,1731.445,359.38000000000005,5.0,170.0,33.0,14.25,0.0,0.0,0.0,0.0,5.0,0.0,300001.0
443,3924636410065.0,1.0,2003.4300000000003,51.38,5.0,104.99999999999999,65.0,123.5475,1.0,0.0,0.0,0.0,5.0,520000.0,20100001.0
444,3922519457332.0,1.0,1349.07,7.0,5.0,144.0,33.0,3.5625,0.0,0.0,0.0,0.0,5.0,400000.0,100001.0
445,3897105535918.0,1.0,1321.8050000000003,10.5,5.0,144.0,33.0,57.0,1.0,1.0,134.0,1.0,5.0,160000.0,100001.0
446,3903427675282.0,1.0,3433.1800000000003,1.12,5.0,183.0,65.0,1.1400000000000001,1.0,0.0,0.0,0.0,5.0,0.0,300100001.0
447,3904934540068.0,1.0,4186.625,196.0,5.0,131.0,73.0,0.0,0.0,0.0,0.0,0.0,5.0,0.0,1300000.9999999998
448,3930852664333.0,1.0,2712.3199999999997,92.12,5.0,91.99999999999999,33.0,99.75,0.0,0.0,0.0,1.0,3.0,800000.0,100001.0
449,3894248136700.0,0.0,1099.695,5.88,5.0,78.99999999999999,33.0,3.5625,0.0,0.0,0.0,0.0,5.0,400000.0,200001.0
450,3946791368029.0,1.0,1975.5000000000002,16.24,5.0,117.99999999999999,33.0,8.265,0.0,1.0,67.0,0.0,5.0,680000.0,280400001.0
451,3915716589643.0,1.0,2274.75,126.0,5.0,78.99999999999999,33.0,28.5,1.0,0.0,0.0,1.0,5.0,480000.0,100001.0
452,3914244686917.0,0.0,4773.820000000001,0.0,5.0,104.99999999999999,33.0,0.0,0.0,0.0,0.0,0.0,7.0,368000.0,100001.0
453,3904918557412.0,1.0,2806.75,5.74,5.0,40.0,65.0,146.0625,1.0,0.0,0.0,0.0,5.0,800000.0,100001.0
454,3921402918973.0,0.0,1510.0,308.0,3.0,144.0,33.0,85.5,1.0,0.0,0.0,1.0,5.0,536000.0,100001.0
455,3902621799799.0,1.0,1637.6800000000003,56.0,5.0,131.0,17.0,4.702500000000001,0.0,1.0,134.0,0.0,5.0,640000.0,130100000.99999999
456,3932872472485.0,1.0,2961.6949999999997,14.0,5.0,40.0,65.0,142.5,1.0,0.0,0.0,1.0,5.0,640000.0,100001.0
457,3895441841320.0,0.0,1543.25,329.0,5.0,183.0,65.0,14.25,1.0,1.0,134.0,1.0,5.0,600000.0,55200000.99999999
458,3912991546795.0,1.0,2302.68,37.38,5.0,40.0,41.0,3.5625,0.0,0.0,0.0,1.0,5.0,880000.0,450100000.99999994
459,3945746002435.0,1.0,1548.57,322.0,5.0,40.0,33.0,99.75,1.0,1.0,603.0,0.0,5.0,112000.0,74300000.99999999
460,3891723376510.0,1.0,1737.4300000000003,24.5,5.0,52.99999999999999,33.0,10.6875,0.0,1.0,134.0,1.0,5.0,348000.0,400000.99999999994
461,3901302731221.0,0.0,1182.82,252.0,5.0,78.99999999999999,33.0,39.1875,1.0,0.0,0.0,1.0,5.0,0.0,100001.0
462,3907168365973.0,1.0,1371.6800000000003,30.38,5.0,144.0,33.0,42.75,0.0,0.0,0.0,0.0,5.0,216000.0,800000.9999999999
463,3895354935628.0,1.0,2119.8050000000003,452.62,5.0,27.0,33.0,85.5,1.0,1.0,603.0,0.0,5.0,500000.0,73100000.99999999
464,3912753055600.0,0.0,3842.8199999999997,56.0,5.0,13.999999999999998,9.0,185.25,0.0,1.0,67.0,0.0,5.0,0.0,1100000.9999999998
465,3888216681892.0,1.0,3981.8050000000003,43.120000000000005,5.0,144.0,33.0,3.5625,1.0,0.0,0.0,1.0,5.0,520000.0,100001.0
466,3938976348703.0,0.0,4347.555,392.0,5.0,13.999999999999998,9.0,0.0,1.0,1.0,737.0,1.0,5.0,0.0,140100001.0
467,3892335212560.0,1.0,2014.07,29.12,3.0,40.0,41.0,14.25,1.0,1.0,670.0,1.0,5.0,264000.0,2900000.9999999995
468,3946653267892.0,1.0,3244.3199999999997,182.0,5.0,144.0,65.0,171.0,1.0,0.0,0.0,1.0,5.0,700000.0,100001.0
469,3902612559826.0,0.0,1581.82,322.0,3.0,52.99999999999999,65.0,85.5,0.0,0.0,0.0,1.0,5.0,40000.0,1700000.9999999998
470,3925022491099.0,1.0,1355.0550000000003,259.0,5.0,104.99999999999999,33.0,47.4525,1.0,1.0,201.0,1.0,5.0,80000.0,2900000.9999999995
471,3896401300138.0,1.0,3217.0550000000003,213.5,5.0,117.99999999999999,65.0,441.75,1.0,1.0,804.0,0.0,5.0,0.0,79100000.99999999
472,3926147270515.0,1.0,1559.875,42.0,5.0,144.0,33.0,67.6875,1.0,1.0,201.0,1.0,5.0,0.0,58300000.99999999
473,3889244566456.0,1.0,2158.375,392.0,3.0,13.999999999999998,9.0,0.0,0.0,1.0,134.0,0.0,5.0,320000.0,200001.0
474,3905345594002.0,1.0,2246.8199999999997,9.38,3.0,170.0,33.0,2.4225000000000003,0.0,0.0,0.0,0.0,5.0,360000.0,100001.0
475,3945698553925.0,1.0,1581.82,12.88,3.0,117.99999999999999,33.0,74.8125,1.0,1.0,402.0,1.0,5.0,416000.0,34800000.99999999
476,3895576195522.0,1.0,1138.9300000000003,9.38,3.0,52.99999999999999,33.0,8.265,0.0,0.0,0.0,0.0,3.0,400000.0,100001.0
477,3930227842375.0,0.0,1398.945,238.0,5.0,104.99999999999999,33.0,4.702500000000001,0.0,0.0,0.0,0.0,5.0,0.0,35200000.99999999
478,3907322948224.0,0.0,4042.3199999999997,462.0,5.0,144.0,33.0,313.5,1.0,0.0,0.0,1.0,5.0,42000.0,1056200000.9999999
479,3923570067235.0,1.0,2113.155,140.0,3.0,78.99999999999999,33.0,242.25,1.0,0.0,0.0,0.0,5.0,0.0,100001.0
480,3913765207237.0,0.0,1676.25,345.24,5.0,170.0,65.0,99.75,1.0,1.0,402.0,0.0,5.0,800000.0,45900000.99999999
481,3948921806128.0,1.0,1443.5,273.0,5.0,104.99999999999999,33.0,7.125,1.0,0.0,0.0,0.0,5.0,280000.0,100001.0
482,3940386818095.0,1.0,1371.6800000000003,0.0,5.0,104.99999999999999,33.0,0.0,0.0,0.0,0.0,0.0,7.0,368000.0,100001.0
483,3933273287530.0,0.0,1692.875,378.0,3.0,13.999999999999998,9.0,57.0,0.0,1.0,67.0,1.0,5.0,400000.0,200001.0
484,3941869459168.0,1.0,2861.9449999999997,129.5,5.0,144.0,33.0,130.53,1.0,0.0,0.0,0.0,3.0,0.0,100001.0
485,3907416097141.0,1.0,1787.3050000000003,49.0,3.0,104.99999999999999,33.0,28.5,1.0,1.0,335.0,1.0,5.0,320000.0,577800000.9999999
486,3931854577081.0,1.0,3859.4449999999997,197.12,5.0,91.99999999999999,33.0,399.0,1.0,1.0,402.0,1.0,5.0,720000.0,133300000.99999999
487,3894213174640.0,1.0,3732.4300000000003,322.0,5.0,13.999999999999998,9.0,142.5,1.0,1.0,335.0,0.0,5.0,0.0,885200000.9999999
488,3942079481257.0,1.0,3427.1949999999997,280.0,5.0,40.0,41.0,0.0,1.0,1.0,737.0,0.0,5.0,0.0,125000000.99999999
489,3917705431399.0,1.0,2662.4449999999997,14.0,5.0,91.99999999999999,33.0,7.125,1.0,0.0,0.0,0.0,3.0,576000.0,100001.0
490,3942990242920.0,1.0,1847.82,57.120000000000005,3.0,78.99999999999999,33.0,57.0,1.0,1.0,201.0,1.0,5.0,740000.0,56100000.99999999
491,3921554254747.0,1.0,2020.0550000000003,182.0,5.0,170.0,33.0,89.0625,1.0,1.0,536.0,0.0,5.0,660000.0,120100000.99999999
492,3910837384441.0,1.0,3460.4449999999997,57.120000000000005,3.0,13.999999999999998,9.0,42.75,0.0,0.0,0.0,0.0,5.0,240000.0,200001.0
493,3939876372019.0,0.0,1676.25,308.0,3.0,78.99999999999999,33.0,128.25,1.0,0.0,0.0,0.0,5.0,240000.0,100001.0
494,3916584397918.0,1.0,1986.8050000000003,21.0,3.0,104.99999999999999,33.0,1.1400000000000001,0.0,0.0,0.0,0.0,5.0,480000.0,100001.0
495,3895606163002.0,0.0,2252.805,10.5,5.0,170.0,33.0,10.6875,0.0,0.0,0.0,0.0,5.0,600000.0,4500001.0
496,3893176050103.0,1.0,1726.1250000000002,21.0,5.0,104.99999999999999,41.0,7.125,1.0,0.0,0.0,0.0,5.0,698000.0,2400000.9999999995
497,3897986579830.0,0.0,1920.3050000000003,29.12,5.0,104.99999999999999,33.0,71.25,1.0,1.0,335.0,1.0,5.0,600000.0,143100001.0
498,3907230548494.0,0.0,1216.07,10.5,7.0,170.0,9.0,285.0,0.0,0.0,0.0,1.0,3.0,600000.0,100001.0
499,3910529718313.0,1.0,1371.6800000000003,196.0,5.0,104.99999999999999,33.0,46.3125,1.0,1.0,201.0,0.0,5.0,400000.0,139200001.0
500,3943264695091.0,1.0,1177.5,616.0,7.0,13.999999999999998,57.0,0.0,0.0,0.0,0.0,1.0,7.0,900000.0,10000100001.0
501,3908846045395.0,1.0,1216.07,189.0,3.0,91.99999999999999,33.0,1.1400000000000001,0.0,0.0,0.0,0.0,5.0,280000.0,100001.0
502,3897121768303.0,1.0,3183.8050000000003,70.0,5.0,91.99999999999999,41.0,71.25,1.0,1.0,804.0,1.0,5.0,820000.0,251100001.0
503,3920222449990.0,1.0,3832.1800000000003,238.0,5.0,131.0,65.0,199.5,1.0,1.0,201.0,0.0,5.0,0.0,100001.0
504,3908785860706.0,1.0,928.1250000000001,112.0,3.0,117.99999999999999,33.0,49.875,1.0,1.0,134.0,1.0,5.0,240000.0,100100000.99999999
505,3892550978416.0,1.0,1299.195,266.0,5.0,144.0,33.0,28.5,1.0,0.0,0.0,1.0,5.0,120000.0,40100000.99999999
506,3910903562626.0,0.0,1471.4300000000003,326.62,5.0,52.99999999999999,65.0,2.4225000000000003,0.0,0.0,0.0,0.0,5.0,640000.0,600000.9999999999
507,3920835784414.0,1.0,1182.82,280.0,5.0,117.99999999999999,65.0,4.702500000000001,0.0,1.0,67.0,0.0,5.0,240000.0,200001.0
508,3906276833443.0,1.0,2329.9449999999997,70.0,3.0,117.99999999999999,33.0,85.5,0.0,0.0,0.0,0.0,3.0,400000.0,100001.0
509,3890884786528.0,1.0,1953.5550000000003,98.0,5.0,117.99999999999999,33.0,99.75,1.0,1.0,201.0,1.0,5.0,658000.0,100001.0
510,3910079456926.0,1.0,1438.1800000000003,21.0,3.0,157.0,57.0,21.375,0.0,0.0,0.0,1.0,5.0,264000.0,300001.0
511,3928097154547.0,1.0,1222.0550000000003,287.0,5.0,104.99999999999999,65.0,30.9225,0.0,0.0,0.0,0.0,5.0,640000.0,1400000.9999999998
512,3917492662291.0,1.0,1875.7500000000002,84.0,5.0,117.99999999999999,33.0,21.375,0.0,0.0,0.0,1.0,5.0,600000.0,6800001.0
513,3903596242357.0,0.0,3061.4449999999997,294.0,5.0,144.0,33.0,142.5,1.0,1.0,469.0,1.0,5.0,0.0,100001.0
514,3903847969189.0,1.0,1526.625,322.0,5.0,40.0,33.0,11.8275,0.0,0.0,0.0,0.0,5.0,0.0,100001.0
515,3924733304917.0,0.0,2113.155,98.0,5.0,27.0,33.0,85.5,1.0,0.0,0.0,1.0,5.0,600000.0,100001.0
516,3936953543803.0,0.0,1371.6800000000003,210.0,5.0,52.99999999999999,33.0,42.75,1.0,1.0,67.0,0.0,5.0,320000.0,23500001.0
517,3932909931835.0,0.0,1426.875,65.38000000000001,5.0,40.0,41.0,14.25,1.0,1.0,268.0,0.0,3.0,160000.0,100001.0
518,3938593763875.0,1.0,1787.3050000000003,119.0,5.0,170.0,33.0,122.26500000000001,1.0,1.0,67.0,1.0,5.0,240000.0,100001.0
519,3940541150617.0,0.0,1831.195,46.620000000000005,5.0,13.999999999999998,9.0,0.0,0.0,0.0,0.0,0.0,5.0,680000.0,200001.0
520,3949258940278.0,1.0,2812.0699999999997,29.12,5.0,117.99999999999999,33.0,142.5,1.0,1.0,402.0,1.0,5.0,1000000.0,1000100000.9999999
521,3912042077137.0,0.0,1227.375,280.0,5.0,117.99999999999999,33.0,28.5,0.0,1.0,67.0,0.0,5.0,240000.0,200001.0
522,3898582183495.0,0.0,1909.0000000000002,28.0,5.0,144.0,33.0,28.5,1.0,1.0,134.0,1.0,5.0,334000.0,50100000.99999999
523,3928182312136.0,0.0,1443.5,168.0,5.0,78.99999999999999,33.0,71.25,1.0,1.0,201.0,0.0,5.0,160000.0,91900000.99999999
524,3929152259572.0,1.0,1465.445,308.0,5.0,183.0,33.0,8.265,1.0,1.0,402.0,0.0,5.0,242000.0,100001.0
525,3900808267801.0,1.0,1471.4300000000003,14.0,5.0,104.99999999999999,33.0,3.5625,0.0,0.0,0.0,0.0,5.0,720000.0,100001.0
526,3938343285688.0,1.0,2186.305,252.0,3.0,117.99999999999999,65.0,149.625,1.0,0.0,0.0,1.0,5.0,308000.0,100001.0
527,3945872115580.0,0.0,3028.1949999999997,28.0,5.0,144.0,33.0,3.5625,0.0,0.0,0.0,1.0,5.0,526000.0,100001.0
528,3898637123875.0,0.0,1581.82,16.38,3.0,13.999999999999998,9.0,3.5625,0.0,0.0,0.0,0.0,5.0,240000.0,8800001.0
529,3907409104729.0,0.0,1205.4300000000003,15.120000000000001,5.0,104.99999999999999,33.0,49.875,0.0,1.0,67.0,1.0,5.0,160000.0,600000.9999999999
530,3889652124184.0,1.0,2208.25,70.0,3.0,117.99999999999999,33.0,199.5,0.0,0.0,0.0,1.0,5.0,560000.0,100001.0
531,3923582553685.0,0.0,1521.3050000000003,9.38,5.0,144.0,33.0,21.375,0.0,0.0,0.0,0.0,3.0,320000.0,100001.0
532,3906292316641.0,1.0,2319.305,30.240000000000002,5.0,91.99999999999999,33.0,33.2025,0.0,0.0,0.0,0.0,3.0,56000.0,100001.0
533,3922409576572.0,1.0,1986.8050000000003,39.620000000000005,5.0,117.99999999999999,65.0,21.375,1.0,1.0,67.0,0.0,5.0,480000.0,10100001.0
534,3893983174231.0,1.0,2130.4449999999997,70.0,5.0,78.99999999999999,33.0,213.75,1.0,0.0,0.0,1.0,5.0,1046000.0,100001.0
535,3942372163645.0,0.0,1388.3050000000003,51.38,5.0,144.0,33.0,59.4225,1.0,1.0,335.0,0.0,5.0,440000.0,250400001.0
536,3930136191832.0,1.0,2258.125,77.0,5.0,40.0,41.0,0.0,0.0,0.0,0.0,0.0,5.0,360000.0,100001.0
537,3893349112300.0,1.0,1482.07,23.24,5.0,104.99999999999999,65.0,61.70250000000001,0.0,0.0,0.0,1.0,5.0,256000.0,100001.0
538,3939184872418.0,0.0,2369.18,336.0,5.0,144.0,65.0,399.0,1.0,1.0,536.0,0.0,5.0,0.0,659100000.9999999
539,3927773755492.0,1.0,2136.43,124.88000000000001,5.0,170.0,65.0,172.14000000000001,1.0,1.0,201.0,0.0,5.0,622000.0,30100000.999999996
540,3898282009237.0,0.0,1521.3050000000003,22.12,5.0,40.0,33.0,2.4225000000000003,0.0,0.0,0.0,0.0,5.0,288000.0,100001.0
541,3929583791284.0,1.0,1787.3050000000003,408.38000000000005,5.0,40.0,41.0,0.0,0.0,0.0,0.0,1.0,5.0,356000.0,100001.0
542,3908132070184.0,1.0,2939.75,56.0,5.0,91.99999999999999,33.0,49.875,1.0,1.0,134.0,1.0,5.0,0.0,1600000.9999999998
543,3937936477147.0,1.0,2020.0550000000003,30.38,3.0,104.99999999999999,33.0,1.1400000000000001,0.0,0.0,0.0,0.0,5.0,340000.0,18000001.0
544,3940213006711.0,1.0,2524.125,196.0,5.0,144.0,65.0,327.75,1.0,1.0,469.0,1.0,5.0,600000.0,600000.9999999999
545,3943567616368.0,1.0,1149.57,2.3800000000000003,3.0,104.99999999999999,33.0,1.1400000000000001,0.0,0.0,0.0,0.0,5.0,280000.0,72300000.99999999
546,3899577853018.0,1.0,3283.5550000000003,64.12,5.0,13.999999999999998,9.0,8.265,0.0,0.0,0.0,0.0,5.0,400000.0,400000.99999999994
547,3929556570823.0,1.0,1537.9300000000003,4.760000000000001,5.0,91.99999999999999,33.0,2.4225000000000003,0.0,0.0,0.0,0.0,3.0,0.0,100001.0
548,3900280840153.0,0.0,2329.9449999999997,35.0,3.0,40.0,65.0,14.25,0.0,0.0,0.0,1.0,5.0,320000.0,100001.0
549,3910398111130.0,1.0,2956.375,308.0,3.0,27.0,33.0,42.75,1.0,0.0,0.0,0.0,3.0,0.0,100001.0
550,3942163889659.0,1.0,3970.5,77.0,5.0,117.99999999999999,33.0,49.875,1.0,1.0,335.0,1.0,5.0,120000.0,5900001.0
551,3946187523307.0,1.0,1709.5000000000002,10.5,5.0,91.99999999999999,33.0,7.125,1.0,1.0,201.0,0.0,5.0,520000.0,1510900000.9999998
552,3933891117076.0,0.0,2778.8199999999997,29.12,5.0,78.99999999999999,33.0,18.9525,0.0,0.0,0.0,0.0,5.0,480000.0,23800001.0
553,3941132259160.0,1.0,3310.8199999999997,532.0,5.0,13.999999999999998,9.0,0.0,1.0,1.0,67.0,0.0,5.0,188000.0,100001.0
554,3943762654717.0,0.0,2269.43,44.38,3.0,13.999999999999998,9.0,0.0,1.0,0.0,0.0,0.0,5.0,640000.0,100001.0
555,3888275368207.0,1.0,1288.5550000000003,112.0,3.0,40.0,33.0,28.5,0.0,0.0,0.0,1.0,5.0,720000.0,100100000.99999999
556,3926131038130.0,0.0,1643.0,67.62,3.0,104.99999999999999,33.0,0.0,0.0,0.0,0.0,0.0,5.0,240000.0,100001.0
557,3935071835788.0,1.0,1565.195,42.0,5.0,104.99999999999999,65.0,40.3275,1.0,0.0,0.0,0.0,5.0,844000.0,20100001.0
558,3907598898769.0,1.0,4613.555,252.0,5.0,13.999999999999998,9.0,114.0,0.0,1.0,67.0,0.0,5.0,140000.0,700000.9999999999
559,3906301057156.0,1.0,3183.8050000000003,8.12,5.0,104.99999999999999,41.0,427.5,1.0,1.0,1340.0,0.0,5.0,0.0,1500100000.9999998
560,3919791917194.0,0.0,2224.875,70.0,3.0,104.99999999999999,33.0,71.25,0.0,0.0,0.0,1.0,5.0,0.0,300001.0
561,3914561593018.0,1.0,2889.875,84.0,5.0,144.0,65.0,171.0,1.0,1.0,737.0,0.0,5.0,160000.0,100001.0
562,3920772353248.0,1.0,1543.25,17.5,3.0,78.99999999999999,33.0,3.5625,1.0,0.0,0.0,0.0,5.0,360000.0,200001.0
563,3941260869595.0,1.0,2324.625,70.0,5.0,170.0,41.0,14.25,0.0,0.0,0.0,0.0,5.0,696000.0,100001.0
564,3922357632940.0,1.0,3776.3199999999997,518.0,5.0,27.0,41.0,427.5,1.0,1.0,1139.0,1.0,5.0,0.0,100001.0
565,3935591521837.0,0.0,2951.055,186.62,5.0,144.0,33.0,210.1875,1.0,1.0,201.0,1.0,5.0,0.0,100001.0
566,3901623882715.0,0.0,2961.6949999999997,0.0,5.0,104.99999999999999,33.0,71.25,1.0,0.0,0.0,0.0,5.0,0.0,100001.0
567,3928987688161.0,1.0,2291.375,49.0,5.0,117.99999999999999,41.0,7.125,1.0,0.0,0.0,1.0,5.0,326000.0,100001.0
568,3933383418019.0,0.0,3006.25,128.38,5.0,52.99999999999999,65.0,28.5,0.0,0.0,0.0,1.0,3.0,480000.0,100001.0
569,3948208330375.0,1.0,2047.32,75.88000000000001,3.0,91.99999999999999,33.0,3.5625,0.0,0.0,0.0,1.0,3.0,160000.0,100001.0
570,3906388462306.0,1.0,1853.8050000000003,21.0,5.0,144.0,65.0,4.702500000000001,0.0,0.0,0.0,1.0,5.0,440000.0,25200001.0
571,3943721948890.0,1.0,1305.1800000000003,203.0,5.0,91.99999999999999,33.0,1.1400000000000001,0.0,1.0,67.0,0.0,5.0,200000.0,200001.0
572,3937827845032.0,0.0,2762.1949999999997,28.0,5.0,40.0,41.0,64.125,1.0,0.0,0.0,1.0,5.0,0.0,30100000.999999996
573,3887776409665.0,0.0,1576.5,42.0,5.0,117.99999999999999,33.0,24.9375,0.0,0.0,0.0,1.0,5.0,320000.0,100001.0
574,3914455208464.0,1.0,2119.8050000000003,23.24,5.0,183.0,33.0,38.0475,1.0,1.0,536.0,1.0,5.0,606000.0,329100001.0
575,3940325884219.0,0.0,1199.445,308.0,5.0,183.0,65.0,28.5,1.0,1.0,737.0,0.0,5.0,0.0,300100001.0
576,3917672716900.0,0.0,2219.555,63.0,3.0,170.0,33.0,99.75,0.0,0.0,0.0,1.0,5.0,400000.0,14200001.0
577,3912294053698.0,0.0,3505.0,196.0,5.0,78.99999999999999,65.0,85.5,0.0,0.0,0.0,0.0,5.0,0.0,100001.0
578,3891217925014.0,0.0,1704.1800000000003,31.5,5.0,144.0,33.0,36.765,1.0,1.0,134.0,0.0,5.0,400000.0,100001.0
579,3909876926707.0,1.0,2712.3199999999997,42.0,5.0,40.0,41.0,0.0,0.0,0.0,0.0,0.0,3.0,600000.0,100001.0
580,3908049909343.0,1.0,1604.4300000000003,16.38,3.0,170.0,65.0,3.5625,0.0,0.0,0.0,0.0,5.0,480000.0,200001.0
581,3941232400489.0,1.0,3737.75,350.0,5.0,52.99999999999999,65.0,228.0,1.0,0.0,0.0,1.0,5.0,48000.0,202900000.99999997
582,3920888477233.0,0.0,1909.0000000000002,85.12,3.0,183.0,65.0,72.39,1.0,1.0,67.0,0.0,5.0,140000.0,100001.0
583,3938305576609.0,1.0,2147.0699999999997,112.0,5.0,91.99999999999999,33.0,71.25,1.0,0.0,0.0,1.0,5.0,720000.0,100001.0
584,3906669657160.0,1.0,1421.5550000000003,24.5,3.0,104.99999999999999,65.0,7.125,0.0,0.0,0.0,0.0,5.0,560000.0,20500001.0
585,3894541818004.0,1.0,2286.055,256.76,5.0,104.99999999999999,33.0,128.25,1.0,1.0,804.0,1.0,5.0,0.0,22200001.0
586,3890937978805.0,1.0,2889.875,705.8800000000001,5.0,144.0,65.0,5.985,1.0,1.0,67.0,0.0,5.0,1520000.0,9100001.0
587,3932880713542.0,0.0,2557.375,168.0,5.0,52.99999999999999,33.0,28.5,1.0,0.0,0.0,1.0,5.0,0.0,100001.0
588,3939188118895.0,1.0,2502.18,57.120000000000005,5.0,117.99999999999999,33.0,1.1400000000000001,1.0,0.0,0.0,1.0,5.0,800000.0,580100000.9999999
589,3895794708397.0,1.0,1997.445,57.120000000000005,3.0,183.0,65.0,1.1400000000000001,0.0,0.0,0.0,0.0,5.0,256000.0,200001.0
590,3900990320242.0,1.0,2496.1949999999997,74.62,5.0,170.0,33.0,4.702500000000001,0.0,0.0,0.0,1.0,5.0,0.0,50200000.99999999
591,3888001165765.0,1.0,2097.195,546.0,5.0,104.99999999999999,33.0,199.5,1.0,1.0,1072.0,0.0,5.0,0.0,500100000.99999994
592,3932920420453.0,1.0,2413.0699999999997,71.12,5.0,13.999999999999998,9.0,0.0,0.0,0.0,0.0,0.0,5.0,0.0,100100000.99999999
593,3891680423122.0,1.0,1377.0,67.62,5.0,104.99999999999999,33.0,57.0,1.0,1.0,737.0,1.0,5.0,400000.0,300100001.0
594,3892795962565.0,1.0,3150.5550000000003,163.38,5.0,117.99999999999999,33.0,156.75,0.0,0.0,0.0,0.0,5.0,930000.0,15100001.0
595,3924069774964.0,1.0,1476.75,219.38000000000002,3.0,40.0,41.0,4.702500000000001,0.0,0.0,0.0,1.0,5.0,368000.0,100001.0
596,3888194955469.0,1.0,1377.0,280.0,3.0,104.99999999999999,33.0,71.25,1.0,0.0,0.0,0.0,3.0,80000.0,100001.0
597,3944452156486.0,1.0,2335.93,70.0,5.0,117.99999999999999,33.0,0.0,1.0,0.0,0.0,1.0,5.0,478000.0,20100001.0
598,3889964285434.0,1.0,1615.07,24.5,5.0,91.99999999999999,33.0,2.4225000000000003,0.0,1.0,268.0,0.0,5.0,508000.0,195100000.99999997
599,3899209003285.0,1.0,2496.1949999999997,182.0,5.0,91.99999999999999,65.0,121.125,1.0,1.0,804.0,1.0,5.0,186000.0,100001.0
600,3898224821296.0,0.0,1393.625,267.12,5.0,40.0,33.0,1.1400000000000001,0.0,0.0,0.0,0.0,5.0,400000.0,100100000.99999999
601,3936341957482.0,1.0,2452.305,91.0,5.0,144.0,65.0,256.5,1.0,0.0,0.0,1.0,5.0,204000.0,64000000.99999999
602,3919108159192.0,1.0,1515.32,281.12,5.0,183.0,33.0,1.1400000000000001,1.0,1.0,603.0,0.0,5.0,120000.0,39700000.99999999
603,3943678246315.0,0.0,1803.9300000000003,378.0,5.0,144.0,65.0,142.5,1.0,1.0,134.0,0.0,5.0,0.0,500100000.99999994
604,3923878232821.0,0.0,3117.3050000000003,12.88,5.0,170.0,65.0,11.8275,1.0,1.0,737.0,1.0,5.0,880000.0,700000.9999999999
605,3904891586680.0,0.0,3483.0550000000003,0.0,3.0,13.999999999999998,9.0,0.0,0.0,0.0,0.0,0.0,5.0,0.0,100001.0
606,3923292618316.0,1.0,2618.555,70.0,3.0,40.0,65.0,285.0,0.0,0.0,0.0,1.0,3.0,400000.0,100001.0
607,3888688419973.0,1.0,2618.555,45.5,5.0,104.99999999999999,33.0,42.75,1.0,1.0,670.0,0.0,5.0,372000.0,470100000.99999994
608,3905465214193.0,0.0,1853.8050000000003,57.120000000000005,5.0,117.99999999999999,33.0,7.125,0.0,0.0,0.0,1.0,5.0,360000.0,5100001.0
609,3895431852160.0,1.0,1288.5550000000003,266.0,5.0,117.99999999999999,33.0,42.75,1.0,0.0,0.0,0.0,5.0,240000.0,220700001.0
610,3944931386437.0,1.0,2640.5,119.0,5.0,104.99999999999999,41.0,185.25,1.0,1.0,1072.0,0.0,5.0,234000.0,121100000.99999999
611,3899701219144.0,1.0,2435.68,21.0,3.0,27.0,33.0,16.6725,0.0,0.0,0.0,0.0,5.0,480000.0,400000.99999999994
612,3922135873588.0,1.0,1754.0550000000003,7.0,5.0,40.0,41.0,0.0,1.0,0.0,0.0,1.0,5.0,0.0,100001.0
613,3895671841729.0,1.0,2635.18,47.88,3.0,91.99999999999999,33.0,4.702500000000001,0.0,0.0,0.0,0.0,3.0,800000.0,100001.0
614,3937854566035.0,1.0,2801.43,11.76,5.0,104.99999999999999,65.0,5.985,1.0,1.0,402.0,0.0,5.0,440000.0,94900000.99999999
615,3927004590172.0,1.0,1432.195,210.0,5.0,78.99999999999999,33.0,40.3275,1.0,1.0,67.0,0.0,5.0,160000.0,980100000.9999999
616,3898705299892.0,0.0,1349.07,35.0,5.0,104.99999999999999,33.0,0.0,0.0,0.0,0.0,0.0,5.0,0.0,100001.0
617,3933238325470.0,0.0,1847.82,84.0,5.0,91.99999999999999,33.0,79.515,0.0,1.0,67.0,1.0,5.0,560000.0,1100000.9999999998
618,3915461366605.0,1.0,1448.82,22.12,3.0,170.0,33.0,18.9525,0.0,0.0,0.0,0.0,5.0,320000.0,100001.0
619,3933896860843.0,1.0,1892.3750000000002,143.5,5.0,183.0,33.0,135.375,1.0,1.0,134.0,0.0,5.0,840000.0,800000.9999999999
620,3935364268447.0,1.0,1803.9300000000003,63.0,5.0,40.0,41.0,14.25,0.0,0.0,0.0,1.0,5.0,1280000.0,400100001.0
621,3903063320671.0,0.0,1238.6800000000003,259.0,5.0,144.0,33.0,34.485,1.0,1.0,268.0,0.0,5.0,120000.0,54100000.99999999
622,3897027370741.0,0.0,1559.875,164.5,5.0,144.0,33.0,90.345,1.0,1.0,670.0,0.0,5.0,240000.0,24600001.0
623,3944837987791.0,1.0,1581.82,50.120000000000005,5.0,104.99999999999999,33.0,15.390000000000002,0.0,0.0,0.0,1.0,5.0,272000.0,200001.0
624,3948847886344.0,1.0,1897.695,140.0,5.0,117.99999999999999,33.0,313.5,1.0,0.0,0.0,1.0,5.0,140000.0,100001.0
625,3892652118661.0,1.0,1720.8050000000003,61.88,3.0,78.99999999999999,33.0,114.0,1.0,0.0,0.0,0.0,5.0,376000.0,100001.0
626,3918186659182.0,0.0,1914.32,46.620000000000005,5.0,144.0,33.0,68.8275,1.0,0.0,0.0,1.0,5.0,880000.0,100001.0
627,3940635797908.0,1.0,1537.9300000000003,88.62,3.0,104.99999999999999,33.0,4.702500000000001,0.0,0.0,0.0,0.0,5.0,320000.0,105900000.99999999
628,3912666649366.0,0.0,1643.0,29.12,3.0,13.999999999999998,9.0,14.25,1.0,1.0,201.0,0.0,5.0,360000.0,14800001.0
629,3901887097081.0,1.0,1659.625,15.120000000000001,5.0,91.99999999999999,33.0,28.5,0.0,0.0,0.0,1.0,5.0,240000.0,200001.0
630,3893567125717.0,1.0,2141.75,49.0,3.0,131.0,65.0,1.1400000000000001,1.0,0.0,0.0,1.0,5.0,786000.0,100001.0
631,3932994090508.0,1.0,3211.0699999999997,105.0,5.0,40.0,41.0,28.5,0.0,0.0,0.0,0.0,5.0,200000.0,300001.0
632,3944209419898.0,0.0,1903.6800000000003,98.0,5.0,117.99999999999999,33.0,23.7975,1.0,0.0,0.0,0.0,3.0,560000.0,100001.0
633,3900924891244.0,1.0,1704.1800000000003,15.120000000000001,5.0,117.99999999999999,33.0,4.702500000000001,0.0,1.0,67.0,0.0,5.0,544000.0,44500000.99999999
634,3927706078933.0,1.0,1249.32,288.12,5.0,13.999999999999998,9.0,11.8275,0.0,0.0,0.0,0.0,5.0,160000.0,100001.0
635,3922679034163.0,1.0,1454.8050000000003,32.620000000000005,3.0,52.99999999999999,33.0,71.25,1.0,1.0,67.0,0.0,5.0,360000.0,2100001.0
636,3921267815584.0,1.0,1648.32,35.0,5.0,104.99999999999999,33.0,7.125,0.0,0.0,0.0,0.0,5.0,220000.0,100001.0
637,3914077618216.0,1.0,1099.695,114.38000000000001,5.0,40.0,65.0,11.8275,0.0,0.0,0.0,1.0,5.0,240000.0,100001.0
638,3896835828598.0,1.0,1792.6250000000002,56.0,5.0,27.0,33.0,21.375,0.0,0.0,0.0,1.0,5.0,160000.0,100001.0
639,3938081070238.0,1.0,3217.0550000000003,98.0,5.0,78.99999999999999,33.0,99.75,1.0,0.0,0.0,0.0,3.0,460000.0,100001.0
640,3912167690824.0,1.0,1576.5,77.0,5.0,13.999999999999998,9.0,128.25,0.0,0.0,0.0,0.0,5.0,320000.0,2600000.9999999995
641,3888885705883.0,0.0,2740.25,57.120000000000005,3.0,144.0,65.0,3.5625,1.0,1.0,1541.0,1.0,5.0,910000.0,123700000.99999999
642,3912634684054.0,1.0,2352.555,703.5,5.0,183.0,65.0,46.3125,1.0,1.0,67.0,1.0,5.0,1030000.0,50100000.99999999
643,3909463125754.0,1.0,1593.125,336.0,5.0,104.99999999999999,33.0,59.4225,0.0,0.0,0.0,0.0,3.0,160000.0,100001.0
644,3903946362415.0,1.0,1255.3050000000003,140.0,5.0,144.0,33.0,10.6875,1.0,1.0,134.0,0.0,5.0,0.0,3900001.0
645,3899202510331.0,1.0,2030.695,14.0,5.0,27.0,65.0,2.4225000000000003,0.0,0.0,0.0,1.0,3.0,504000.0,100001.0
646,3920391766252.0,0.0,1327.125,21.0,5.0,104.99999999999999,33.0,22.657500000000002,1.0,1.0,335.0,1.0,5.0,280000.0,600000.9999999999
647,3931157833171.0,1.0,1754.0550000000003,23.38,5.0,170.0,33.0,33.2025,0.0,0.0,0.0,0.0,5.0,200000.0,100001.0
648,3914413503721.0,1.0,1925.6250000000002,42.0,3.0,104.99999999999999,33.0,42.75,1.0,0.0,0.0,1.0,5.0,0.0,22600001.0
649,3912113749360.0,1.0,1920.3050000000003,261.38000000000005,5.0,144.0,65.0,161.45250000000001,1.0,1.0,402.0,0.0,5.0,762000.0,16900001.0
650,3893004486280.0,1.0,1742.7500000000002,28.0,5.0,144.0,33.0,49.875,1.0,0.0,0.0,1.0,5.0,560000.0,100001.0
651,3948409861678.0,1.0,1576.5,88.62,3.0,52.99999999999999,33.0,11.8275,0.0,1.0,67.0,1.0,5.0,560000.0,8100001.0
652,3939970270123.0,1.0,1764.695,364.0,5.0,131.0,17.0,0.0,0.0,0.0,0.0,1.0,5.0,280000.0,111100000.99999999
653,3888144759940.0,1.0,3626.6949999999997,189.0,5.0,104.99999999999999,65.0,74.8125,1.0,1.0,737.0,1.0,5.0,0.0,28500000.999999996
654,3942790709449.0,1.0,2113.155,10.5,5.0,27.0,33.0,24.9375,1.0,0.0,0.0,1.0,3.0,1856000.0,100001.0
655,3906028602817.0,0.0,1692.875,350.0,5.0,27.0,33.0,28.5,0.0,0.0,0.0,1.0,5.0,360000.0,106300000.99999999
656,3894452165293.0,1.0,2219.555,88.62,3.0,183.0,33.0,90.2025,1.0,1.0,201.0,1.0,5.0,760000.0,100001.0
657,3889581201148.0,1.0,2640.5,45.5,5.0,104.99999999999999,33.0,42.75,0.0,0.0,0.0,0.0,5.0,0.0,31700000.999999996
658,3898014549478.0,0.0,1188.8050000000003,0.0,3.0,65.99999999999999,9.0,0.0,0.0,0.0,0.0,0.0,5.0,172000.0,100001.0
659,3912344249227.0,1.0,1604.4300000000003,18.62,5.0,104.99999999999999,33.0,4.702500000000001,0.0,0.0,0.0,0.0,5.0,200000.0,100001.0
660,3895434848908.0,1.0,1787.3050000000003,75.88000000000001,3.0,170.0,33.0,149.625,1.0,1.0,67.0,0.0,5.0,422000.0,100001.0
661,3912023846920.0,0.0,1510.0,11.62,5.0,40.0,33.0,9.547500000000001,0.0,0.0,0.0,1.0,3.0,288000.0,100001.0
662,3921194894716.0,1.0,2668.43,15.120000000000001,3.0,78.99999999999999,33.0,14.25,1.0,1.0,201.0,0.0,5.0,400000.0,100100000.99999999
663,3908422005553.0,0.0,1748.07,242.61999999999998,5.0,78.99999999999999,33.0,40.3275,1.0,0.0,0.0,0.0,5.0,320000.0,15100001.0
664,3908940442957.0,1.0,1343.75,0.0,5.0,27.0,33.0,14.25,0.0,0.0,0.0,0.0,5.0,288000.0,100001.0
665,3915671888152.0,1.0,2113.155,112.0,3.0,40.0,33.0,2.4225000000000003,0.0,0.0,0.0,1.0,5.0,822000.0,100001.0
666,3928290195064.0,1.0,1792.6250000000002,126.0,3.0,104.99999999999999,41.0,71.25,0.0,0.0,0.0,0.0,5.0,400000.0,121100000.99999999
667,3949028190682.0,0.0,1670.9300000000003,35.0,5.0,13.999999999999998,9.0,0.0,1.0,0.0,0.0,0.0,5.0,160000.0,100001.0
668,3897424689580.0,0.0,2158.375,42.0,5.0,104.99999999999999,33.0,7.125,0.0,0.0,0.0,1.0,5.0,744000.0,12300001.0
669,3898733269540.0,1.0,1188.8050000000003,124.88000000000001,5.0,104.99999999999999,33.0,7.125,0.0,0.0,0.0,0.0,3.0,160000.0,100001.0
670,3913857606967.0,0.0,2524.125,154.0,5.0,144.0,33.0,3.5625,1.0,0.0,0.0,1.0,5.0,456000.0,100001.0
671,3923697429025.0,1.0,1521.3050000000003,71.12,3.0,104.99999999999999,65.0,73.6725,1.0,0.0,0.0,0.0,5.0,0.0,100001.0
672,3899607820498.0,0.0,1205.4300000000003,285.88000000000005,5.0,13.999999999999998,9.0,0.0,0.0,0.0,0.0,0.0,5.0,0.0,5100001.0
673,3920584557040.0,1.0,1637.6800000000003,345.38000000000005,5.0,144.0,65.0,45.1725,1.0,0.0,0.0,1.0,5.0,240000.0,100001.0
674,3942895345900.0,0.0,1726.1250000000002,14.0,5.0,104.99999999999999,65.0,24.9375,1.0,0.0,0.0,1.0,5.0,982000.0,100001.0
675,3910989219673.0,1.0,1754.0550000000003,350.0,3.0,52.99999999999999,65.0,35.625,0.0,0.0,0.0,1.0,5.0,0.0,1800000.9999999998
676,3900347517796.0,0.0,1526.625,172.62,5.0,78.99999999999999,33.0,4.702500000000001,0.0,0.0,0.0,0.0,5.0,440000.0,100100000.99999999
677,3926388508729.0,1.0,1543.25,21.0,5.0,91.99999999999999,33.0,14.25,1.0,0.0,0.0,1.0,3.0,640000.0,100001.0
678,3923751869947.0,1.0,1720.8050000000003,8.12,3.0,104.99999999999999,33.0,42.75,0.0,0.0,0.0,1.0,5.0,320000.0,100001.0
679,3918305779915.0,1.0,3244.3199999999997,5.74,3.0,52.99999999999999,33.0,7.125,1.0,1.0,737.0,0.0,5.0,760000.0,273300001.0
680,3943408538995.0,1.0,1421.5550000000003,0.0,5.0,104.99999999999999,33.0,14.25,0.0,0.0,0.0,1.0,3.0,0.0,100001.0
681,3912065551663.0,1.0,2357.875,462.0,3.0,104.99999999999999,33.0,114.0,1.0,0.0,0.0,0.0,5.0,160000.0,100001.0
682,3904180857946.0,0.0,1537.9300000000003,324.38000000000005,5.0,170.0,33.0,1.1400000000000001,1.0,0.0,0.0,0.0,5.0,160000.0,135000001.0
683,3947047589983.0,0.0,3217.0550000000003,37.38,5.0,40.0,57.0,9.547500000000001,0.0,0.0,0.0,0.0,5.0,0.0,12100001.0
684,3930838929238.0,1.0,2873.25,8.12,3.0,170.0,65.0,49.875,1.0,1.0,536.0,0.0,5.0,200000.0,37600000.99999999
685,3947787287281.0,1.0,2113.155,294.0,5.0,183.0,33.0,185.25,1.0,0.0,0.0,0.0,5.0,0.0,100001.0
686,3938236901134.0,1.0,1388.3050000000003,11.62,5.0,104.99999999999999,33.0,3.5625,0.0,0.0,0.0,0.0,5.0,0.0,4500001.0
687,3914630018764.0,0.0,1265.945,267.12,5.0,78.99999999999999,33.0,2.4225000000000003,1.0,0.0,0.0,0.0,5.0,200000.0,100001.0
688,3939863635840.0,0.0,1837.1800000000003,406.0,5.0,183.0,65.0,87.9225,1.0,1.0,67.0,0.0,5.0,240000.0,1200000.9999999998
689,3893893022062.0,1.0,2740.25,1.12,5.0,131.0,33.0,1.1400000000000001,0.0,1.0,67.0,0.0,3.0,1120000.0,100001.0
